<?xml version="1.0"?>
<COLLADA xmlns="http://www.collada.org/2005/11/COLLADASchema" version="1.4.1">
    <asset>
        <contributor>
            <authoring_tool>Cinema 4D 21.207 COLLADA Exporter</authoring_tool>
        </contributor>
        <created>2024-01-12T13:20:34Z</created>
        <modified>2024-01-12T13:20:34Z</modified>
        <unit meter="0.01" name="centimeter"/>
        <up_axis>Y_UP</up_axis>
    </asset>
    <library_images>
        <image id="ID3">
            <init_from>prop4.png</init_from>
        </image>
        <image id="ID8">
            <init_from>He177.png</init_from>
        </image>
    </library_images>
    <library_effects>
        <effect id="ID2">
            <profile_COMMON>
                <newparam sid="ID4">
                    <surface type="2D">
                        <init_from>ID3</init_from>
                    </surface>
                </newparam>
                <newparam sid="ID5">
                    <sampler2D>
                        <source>ID4</source>
                    </sampler2D>
                </newparam>
                <technique sid="COMMON">
                    <blinn>
                        <diffuse>
                            <texture texture="ID5" texcoord="UVSET0"/>
                        </diffuse>
                        <specular>
                            <color>0.15 0.15 0.15 1</color>
                        </specular>
                        <shininess>
                            <float>0.5</float>
                        </shininess>
                    </blinn>
                </technique>
            </profile_COMMON>
        </effect>
        <effect id="ID7">
            <profile_COMMON>
                <newparam sid="ID9">
                    <surface type="2D">
                        <init_from>ID8</init_from>
                    </surface>
                </newparam>
                <newparam sid="ID10">
                    <sampler2D>
                        <source>ID9</source>
                    </sampler2D>
                </newparam>
                <technique sid="COMMON">
                    <blinn>
                        <diffuse>
                            <texture texture="ID10" texcoord="UVSET0"/>
                        </diffuse>
                        <specular>
                            <color>0.15 0.15 0.15 1</color>
                        </specular>
                        <shininess>
                            <float>0.5</float>
                        </shininess>
                    </blinn>
                </technique>
            </profile_COMMON>
        </effect>
    </library_effects>
    <library_materials>
        <material id="ID1" name="prop4">
            <instance_effect url="#ID2"/>
        </material>
        <material id="ID6" name="He177">
            <instance_effect url="#ID7"/>
        </material>
    </library_materials>
    <library_geometries>
        <geometry id="ID13">
            <mesh>
                <source id="ID14">
                    <float_array id="ID15" count="960">84.2041 30.5279 36.1636 84.9349 29.7979 32.9316 85.9886 28.5787 35.0678 79.9654 27.093 36.0687 80.5069 26.37 37.8207 81.8364 25.0595 34.5963 77.1706 29.7039 38.4021 77.6115 36.9818 31.4355 79.0255 35.611 28.8742 79.7143 35.0232 30.6202 93.0196 51.4756 30.9464 102.892 61.1235 31.5305 92.519 51.9765 33.1796 78.9835 35.7531 33.853 74.1669 32.7074 34.9262 75.4927 31.5691 34.0268 74.1536 32.7661 31.4689 76.2827 30.78 30.5356 86.1015 28.4895 32.0161 81.9202 24.9983 31.6747 20.7461 78.0777 33.656 31.8166 69.7979 35.4129 20.5069 77.8735 34.7771 18.275 75.5298 33.9024 18.5185 75.7299 32.7812 18.9753 77.5837 33.2232 26.7334 64.6329 32.1138 32.1783 70.1404 33.927 35.3932 53.7727 31.5305 43.2342 61.6416 34.1147 53.1694 52.0231 34.3017 42.7368 61.1539 35.9747 44.5402 43.4 33.1796 65.9889 35.0851 36.1636 60.7636 29.8646 33.853 67.9381 36.8696 35.0678 66.7155 35.6291 37.9053 71.5184 32.8014 31.6747 71.4572 32.7176 34.5963 68.0273 36.9826 32.0161 59.535 28.4925 31.4355 59.6237 28.536 34.7644 63.7506 25.0347 31.4689 61.4936 30.5954 30.6202 45.0411 43.9007 30.9464 60.9058 29.9066 28.8742 65.1501 26.4797 28.7785 127.361 -28.132 33.9024 126.66 -30.1859 33.2232 126.902 -29.9841 34.3444 113.819 -22.4002 35.4129 119.267 -16.895 33.6005 102.899 -13.7561 35.9747 110.74 -5.88795 33.3905 101.095 3.99775 33.1796 110.242 -6.37497 31.5305 113.457 -22.7427 33.927 118.902 -17.2351 32.1138 100.595 3.49712 30.9464 92.4663 -4.62532 34.3017 78.9168 11.5818 32.9316 79.6468 12.3126 36.1636 102.401 -14.2438 34.1147 124.89 -30.68 33.656 84.872 17.5332 33.853 82.4732 15.3228 38.4358 78.9201 11.7687 37.9053 77.6975 10.5281 35.0678 74.1783 14.6803 34.5963 75.4888 16.0098 37.8207 78.8228 19.3461 38.4021 76.2118 16.5514 36.0687 75.4227 15.7612 32.5783 74.1172 14.5965 31.6747 77.6084 10.4152 32.0161 84.7299 17.4912 28.8742 80.4855 20.9181 28.7785 79.8989 20.234 30.5356 86.1007 18.9052 31.4355 81.885 22.3631 31.4689 18.9331 -30.1436 33.2232 18.439 -28.3728 33.656 18.6432 -28.612 34.7771 26.7188 -17.3023 35.4129 19.1349 -30.3853 34.3444 20.9869 -30.8439 33.9024 32.2239 -22.7498 33.6005 35.3628 -6.38208 35.9747 43.231 -14.2237 33.3905 53.1167 -4.57867 33.1796 42.744 -13.7256 31.5305 31.8838 -22.3854 32.1138 20.7868 -30.6003 32.7812 26.3763 -16.9406 33.927 34.8751 -5.88466 34.1147 44.4936 4.05048 34.3017 52.616 -4.07775 30.9464 60.7008 17.5999 32.9316 61.4316 16.87 36.1636 44.9949 3.5502 36.5357 64.4417 14.0435 38.4358 60.8876 17.5966 37.9053 65.1286 21.0279 37.8207 68.465 17.6939 38.4021 65.6702 20.3049 36.0687 63.7992 22.3384 34.5963 63.7154 22.3995 31.6747 59.5342 18.9084 32.0161 59.6471 18.8192 35.0678 71.482 14.6317 31.4689 71.4687 14.6905 34.9262 70.1429 15.8287 34.0268 67.9807 10.5048 34.7644 65.9213 12.3747 30.6202 66.6521 11.6448 33.853 66.6101 11.7869 28.8742 68.0242 10.4161 31.4355 70.037 16.0313 28.7785 126.501 77.7831 34.3444 126.992 76.0099 34.7771 118.917 64.7002 35.4129 124.649 78.2418 33.9024 110.273 53.78 35.9747 113.412 70.1476 33.6005 102.405 61.6216 33.3905 110.761 53.2825 34.1147 101.142 43.3474 34.3017 100.641 43.8477 36.5357 77.6549 36.8931 34.7644 81.1939 33.3544 38.4358 80.7555 26.3038 32.5783 75.5986 31.3666 28.7785 84.748 29.8012 37.9053 18.7336 77.3819 34.3444 26.3691 64.2928 33.6005 34.8952 53.2857 33.3905 66.7188 35.816 32.9316 52.6691 51.5218 36.5357 63.1624 32.075 38.4358 70.1467 31.3881 37.8207 66.8128 28.0517 38.4021 69.4238 30.8465 36.0687 70.2129 31.6366 32.5783 65.7367 27.1638 30.5356 64.9476 26.3738 34.0268 63.8094 25.048 34.9262 125.129 -30.4758 34.7771 127.117 -28.3322 32.7812 92.9666 -4.12405 36.5357 80.688 21.024 34.0268 81.8262 22.3498 34.9262 86.012 18.8618 34.7644 84.142 16.8024 30.6202 64.8801 21.094 32.5783 69.3529 16.6179 30.5356 126.703 77.5415 33.2232 127.197 75.7706 33.656 113.752 69.7833 32.1138 124.849 77.9982 32.7812 119.259 64.3385 33.927 -229.88 30.5279 36.1636 -230.611 29.7979 32.9316 -231.665 28.5787 35.0678 -225.641 27.093 36.0687 -226.183 26.37 37.8207 -227.512 25.0595 34.5963 -222.847 29.7039 38.4021 -223.287 36.9818 31.4355 -224.702 35.611 28.8742 -225.39 35.0232 30.6202 -238.696 51.4756 30.9464 -248.568 61.1235 31.5305 -238.195 51.9765 33.1796 -224.66 35.7531 33.853 -219.843 32.7074 34.9262 -221.169 31.5691 34.0268 -219.83 32.7661 31.4689 -221.959 30.78 30.5356 -231.777 28.4895 32.0161 -227.596 24.9983 31.6747 -166.422 78.0777 33.656 -177.493 69.7979 35.4129 -166.183 77.8735 34.7771 -163.951 75.5298 33.9024 -164.195 75.7299 32.7812 -164.651 77.5837 33.2232 -172.409 64.6329 32.1138 -177.854 70.1404 33.927 -181.069 53.7727 31.5305 -188.91 61.6416 34.1147 -198.845 52.0231 34.3017 -188.413 61.1539 35.9747 -190.216 43.4 33.1796 -211.665 35.0851 36.1636 -206.44 29.8646 33.853 -213.614 36.8696 35.0678 -212.392 35.6291 37.9053 -217.194 32.8014 31.6747 -217.133 32.7176 34.5963 -213.703 36.9826 32.0161 -205.211 28.4925 31.4355 -205.3 28.536 34.7644 -209.427 25.0347 31.4689 -207.17 30.5954 30.6202 -190.717 43.9007 30.9464 -206.582 29.9066 28.8742 -210.826 26.4797 28.7785 -273.037 -28.132 33.9024 -272.336 -30.1859 33.2232 -272.578 -29.9841 34.3444 -259.495 -22.4002 35.4129 -264.943 -16.895 33.6005 -248.575 -13.7561 35.9747 -256.416 -5.88795 33.3905 -246.771 3.99775 33.1796 -255.918 -6.37497 31.5305 -259.133 -22.7427 33.927 -264.578 -17.2351 32.1138 -246.271 3.49712 30.9464 -238.142 -4.62532 34.3017 -224.593 11.5818 32.9316 -225.323 12.3126 36.1636 -248.077 -14.2438 34.1147 -270.566 -30.68 33.656 -230.548 17.5332 33.853 -228.149 15.3228 38.4358 -224.596 11.7687 37.9053 -223.374 10.5281 35.0678 -219.854 14.6803 34.5963 -221.165 16.0098 37.8207 -224.499 19.3461 38.4021 -221.888 16.5514 36.0687 -221.099 15.7612 32.5783 -219.793 14.5965 31.6747 -223.284 10.4152 32.0161 -230.406 17.4912 28.8742 -226.161 20.9181 28.7785 -225.575 20.234 30.5356 -231.777 18.9052 31.4355 -227.561 22.3631 31.4689 -164.609 -30.1436 33.2232 -164.115 -28.3728 33.656 -164.319 -28.612 34.7771 -172.395 -17.3023 35.4129 -164.811 -30.3853 34.3444 -166.663 -30.8439 33.9024 -177.9 -22.7498 33.6005 -181.039 -6.38208 35.9747 -188.907 -14.2237 33.3905 -198.793 -4.57867 33.1796 -188.42 -13.7256 31.5305 -177.56 -22.3854 32.1138 -166.463 -30.6003 32.7812 -172.052 -16.9406 33.927 -180.551 -5.88466 34.1147 -190.17 4.05048 34.3017 -198.292 -4.07775 30.9464 -206.377 17.5999 32.9316 -207.108 16.87 36.1636 -190.671 3.5502 36.5357 -210.118 14.0435 38.4358 -206.564 17.5966 37.9053 -210.805 21.0279 37.8207 -214.141 17.6939 38.4021 -211.346 20.3049 36.0687 -209.475 22.3384 34.5963 -209.391 22.3995 31.6747 -205.21 18.9084 32.0161 -205.323 18.8192 35.0678 -217.158 14.6317 31.4689 -217.145 14.6905 34.9262 -215.819 15.8287 34.0268 -213.657 10.5048 34.7644 -211.597 12.3747 30.6202 -212.328 11.6448 33.853 -212.286 11.7869 28.8742 -213.7 10.4161 31.4355 -215.713 16.0313 28.7785 -272.177 77.7831 34.3444 -272.668 76.0099 34.7771 -264.593 64.7002 35.4129 -270.325 78.2418 33.9024 -255.949 53.78 35.9747 -259.088 70.1476 33.6005 -248.081 61.6216 33.3905 -256.437 53.2825 34.1147 -246.818 43.3474 34.3017 -246.317 43.8477 36.5357 -223.331 36.8931 34.7644 -226.87 33.3544 38.4358 -226.431 26.3038 32.5783 -221.275 31.3666 28.7785 -230.424 29.8012 37.9053 -164.41 77.3819 34.3444 -172.045 64.2928 33.6005 -180.571 53.2857 33.3905 -212.395 35.816 32.9316 -198.345 51.5218 36.5357 -208.838 32.075 38.4358 -215.823 31.3881 37.8207 -212.489 28.0517 38.4021 -215.1 30.8465 36.0687 -215.889 31.6366 32.5783 -211.413 27.1638 30.5356 -210.624 26.3738 34.0268 -209.485 25.048 34.9262 -270.805 -30.4758 34.7771 -272.793 -28.3322 32.7812 -238.643 -4.12405 36.5357 -226.364 21.024 34.0268 -227.502 22.3498 34.9262 -231.688 18.8618 34.7644 -229.818 16.8024 30.6202 -210.556 21.094 32.5783 -215.029 16.6179 30.5356 -272.379 77.5415 33.2232 -272.873 75.7706 33.656 -259.428 69.7833 32.1138 -270.525 77.9982 32.7812 -264.935 64.3385 33.927</float_array>
                    <technique_common>
                        <accessor count="320" source="#ID15" stride="3">
                            <param name="X" type="float"/>
                            <param name="Y" type="float"/>
                            <param name="Z" type="float"/>
                        </accessor>
                    </technique_common>
                </source>
                <source id="ID16">
                    <float_array id="ID17" count="2040">0.725444 0.687029 0.0414933 0.733254 0.679592 -0.022201 0.746757 0.664721 0.0223558 -0.72572 -0.686785 -0.0406999 -0.730828 -0.680355 -0.0548409 -0.746814 -0.664684 -0.0215338 -0.694203 -0.717736 -0.0541936 0.67079 0.741616 -0.00677982 0.705968 0.706849 -0.0444229 0.691538 0.721836 -0.0269777 0.230932 -0.173818 -0.957318 0.243727 -0.178202 -0.953332 0.234147 -0.174905 -0.956339 -0.712288 0.633351 -0.302509 -0.615427 0.715776 -0.330022 -0.683074 0.657238 -0.31851 0.677146 0.735449 0.0242378 -0.664071 -0.746915 -0.0335785 -0.676722 -0.735881 -0.0229596 -0.67089 -0.741526 0.00676249 -0.699942 -0.713253 0.0367657 0.640869 -0.766593 0.040275 0.603015 -0.745782 0.283165 0.598915 -0.745737 0.29185 0.638886 -0.768531 0.0344204 0.290932 0.923488 0.250057 0.556053 0.776619 0.296088 -0.0114095 0.984345 0.175885 -0.977155 -0.00514013 -0.212467 -0.912863 -0.305539 -0.270789 -0.949472 0.271924 -0.15672 0.155586 0.181164 -0.971068 0.150856 0.171387 -0.973586 0.15681 0.18482 -0.970182 0.159403 0.18053 -0.970567 0.157774 0.162652 -0.973988 0.170155 0.200964 -0.964708 0.561544 0.761132 0.324572 0.608749 0.712219 0.349526 0.61338 0.717939 0.329134 0.166812 0.204696 -0.964507 0.17396 0.217766 -0.960373 -0.198817 -0.185203 0.962378 -0.21032 -0.199031 0.957158 -0.213636 -0.20858 0.954387 -0.687029 0.725444 0.0414932 -0.664722 0.746757 0.0223558 -0.681229 0.729905 0.0562624 0.768531 0.638886 0.0344201 0.745782 0.603014 0.283165 0.766593 0.640869 0.0402746 -0.601858 -0.736723 -0.308231 -0.613211 -0.726274 0.310642 -0.605129 -0.734027 -0.308259 -0.741616 0.67079 -0.00677942 -0.721836 0.691538 -0.026977 -0.73545 0.677145 0.0242381 -0.602883 -0.738061 -0.302982 -0.633351 -0.712289 -0.302509 -0.603214 -0.738216 -0.301943 -0.706849 0.705968 -0.0444213 -0.511755 -0.617144 -0.597696 -0.506185 -0.616667 -0.602908 0.977155 0.00514069 -0.212467 0.949472 -0.271923 -0.156721 0.949538 -0.272293 -0.155672 0.185294 0.183638 0.965372 0.178306 0.167374 0.969635 0.178956 0.167288 0.969531 0.170872 0.150816 0.973682 0.178748 0.161234 0.970594 0.160887 0.15955 0.973991 0.198817 0.185203 0.962378 0.715776 0.615427 -0.330021 0.710135 0.610851 -0.350098 0.657238 0.683074 -0.31851 0.763052 0.565576 -0.312849 -0.15681 -0.18482 -0.970182 -0.150856 -0.171387 -0.973586 -0.159403 -0.18053 -0.970567 -0.173818 -0.230932 -0.957318 -0.170155 -0.200964 -0.964708 -0.743642 -0.596105 0.302746 -0.743987 -0.596243 0.301624 -0.699298 -0.641832 0.314698 -0.608749 -0.712219 0.349526 -0.61338 -0.717939 0.329133 -0.561544 -0.761132 0.32457 -0.290933 -0.923489 0.250054 -0.556053 -0.77662 0.296085 -0.166812 -0.204696 -0.964507 -0.17396 -0.217766 -0.960373 0.21032 0.199031 0.957158 0.213636 0.208581 0.954387 0.73545 -0.677146 0.0242383 0.687029 -0.725444 0.0414944 0.717311 -0.694501 0.0559663 0.681228 -0.729906 0.0562649 0.664721 -0.746757 0.0223562 -0.745782 -0.603015 0.283165 -0.319159 -0.247637 0.914775 -0.534046 -0.409068 0.739904 0.182276 0.198489 0.963004 -0.717736 0.694203 -0.054195 -0.680355 0.730828 -0.0548424 -0.686786 0.72572 -0.0407006 -0.664685 0.746814 -0.0215334 -0.674946 0.737726 0.014458 -0.768531 -0.638886 0.0344205 -0.766593 -0.64087 0.0402759 -0.745736 -0.598916 0.291851 0.679592 -0.733254 -0.0222008 0.676114 -0.736261 -0.0281155 0.706849 -0.705968 -0.044422 -0.184888 -0.243327 -0.95216 -0.187701 -0.234601 -0.953798 -0.18206 -0.252032 -0.950439 -0.714118 0.699208 0.0338244 -0.713252 0.699942 0.0367651 -0.682074 0.730383 0.0362811 0.633351 0.712289 -0.302508 0.603214 0.738216 -0.301943 0.506185 0.616666 -0.602909 0.601859 0.736722 -0.308231 0.60513 0.734026 -0.308258 0.511755 0.617143 -0.597697 -0.950384 -0.291117 0.10964 -0.923488 0.290934 0.250054 -0.984345 -0.0114077 0.175883 -0.77662 0.556054 0.296085 0.183641 -0.185296 0.965371 0.182928 -0.1849 0.965582 0.167376 -0.178307 0.969635 0.167288 -0.178956 0.969531 0.150816 -0.170872 0.973682 0.161234 -0.178748 0.970594 0.15955 -0.160887 0.973991 0.185203 -0.198817 0.962378 0.615427 -0.715776 -0.330021 0.610852 -0.710136 -0.350096 0.683074 -0.657238 -0.318509 0.566688 -0.760881 -0.316109 0.30554 -0.912863 -0.270789 0.565576 -0.763052 -0.31285 0.0051416 -0.977155 -0.212467 -0.271922 -0.949472 -0.156721 -0.204697 0.166812 -0.964507 -0.181164 0.155586 -0.971068 -0.18482 0.15681 -0.970181 -0.171387 0.150856 -0.973586 -0.162652 0.157774 -0.973988 -0.180531 0.159403 -0.970566 -0.200964 0.170156 -0.964707 -0.230932 0.173818 -0.957318 -0.234147 0.174905 -0.956339 -0.596105 0.743642 0.302747 -0.596243 0.743987 0.301625 -0.641832 0.699298 0.314698 -0.645992 0.701086 0.301949 0.181562 -0.214793 0.959635 0.199031 -0.21032 0.957158 -0.717939 0.61338 0.329134 -0.712219 0.608749 0.349528 -0.761132 0.561544 0.324572 -0.217768 0.17396 -0.960372 -0.694501 -0.717312 0.0559662 -0.725445 -0.687029 0.0414937 -0.729906 -0.681228 0.0562634 0.19849 -0.182276 0.963004 -0.247636 0.319159 0.914775 0.191114 -0.201768 0.960607 0.72572 0.686785 -0.0407 0.730828 0.680355 -0.0548409 0.746814 0.664684 -0.0215338 -0.638885 0.768532 0.0344204 -0.603014 0.745783 0.283165 -0.640869 0.766593 0.040275 -0.598915 0.745738 0.29185 0.67089 0.741526 0.00676249 0.664071 0.746915 -0.0335789 0.676722 0.735881 -0.0229598 0.598405 -0.549839 0.582742 0.726274 -0.613211 0.310642 0.738061 -0.602883 -0.302982 0.712289 -0.633351 -0.302508 0.738216 -0.603214 -0.301942 -0.243727 0.178202 -0.953332 -0.705968 -0.706849 -0.04442 -0.733254 -0.679592 -0.0221996 -0.691538 -0.721836 -0.0269756 -0.670791 -0.741616 -0.00677911 0.616667 -0.506185 -0.602908 0.736723 -0.601858 -0.308232 0.734027 -0.605129 -0.308259 0.617144 -0.511755 -0.597696 -0.183639 0.185295 0.965372 -0.182925 0.184898 0.965583 -0.167375 0.178307 0.969635 -0.167288 0.178956 0.969531 -0.161234 0.178748 0.970594 -0.150817 0.170873 0.973682 -0.159551 0.160888 0.973991 0.162652 -0.157774 -0.973988 0.180531 -0.159403 -0.970567 0.200964 -0.170155 -0.964707 -0.181562 0.214793 0.959635 -0.185203 0.198817 0.962378 -0.199031 0.21032 0.957158 -0.208581 0.213637 0.954386 -0.734026 0.60513 -0.308258 -0.726273 0.613212 0.310642 -0.598405 0.54984 0.582742 -0.198489 0.182276 0.963004 -0.191114 0.201768 0.960607 -0.737727 -0.674945 0.0144577 -0.730384 -0.682073 0.0362817 -0.699207 -0.714118 0.0338248 0.243327 -0.184888 -0.95216 0.252032 -0.18206 -0.950439 0.234601 -0.187701 -0.953798 0.73626 0.676114 -0.0281151 -0.617143 0.511755 -0.597696 -0.616667 0.506186 -0.602908 0.247637 -0.319159 0.914775 -0.736722 0.601859 -0.308231 -0.738216 0.603214 -0.301944 -0.73806 0.602883 -0.302983 0.664901 0.746058 0.0361204 0.694501 0.717311 0.0559652 0.409068 -0.534046 0.739905 0.729905 0.681229 0.0562624 -0.949538 0.272294 -0.155669 -0.290133 0.950805 0.10859 -0.29112 0.950383 0.109641 -0.185294 -0.183638 0.965372 -0.184897 -0.182923 0.965584 -0.178306 -0.167374 0.969635 -0.178955 -0.167287 0.969531 -0.170872 -0.150816 0.973682 -0.178748 -0.161234 0.970594 -0.160887 -0.15955 0.973991 -0.715776 -0.615427 -0.330021 -0.710136 -0.610852 -0.350096 -0.657238 -0.683074 -0.31851 -0.763052 -0.565576 -0.312851 -0.760881 -0.566688 -0.316109 0.173818 0.230932 -0.957318 0.174905 0.234147 -0.956339 0.743642 0.596105 0.302746 0.743987 0.596243 0.301624 0.699298 0.641832 0.314697 0.701086 0.645992 0.301949 -0.214793 -0.181562 0.959635 -0.717312 0.694501 0.0559657 0.534046 0.409067 0.739905 0.745737 0.598915 0.29185 0.319159 0.247636 0.914775 -0.182276 -0.198489 0.963004 -0.201768 -0.191114 0.960607 0.717736 -0.694203 -0.0541939 0.680356 -0.730827 -0.0548403 0.686786 -0.725719 -0.0406996 0.664686 -0.746812 -0.0215331 0.674946 -0.737725 0.0144578 0.682074 -0.730383 0.0362815 -0.679593 0.733254 -0.0222001 -0.676115 0.73626 -0.0281141 0.184888 0.243327 -0.95216 0.1877 0.234602 -0.953798 0.182059 0.252032 -0.950439 0.714118 -0.699207 0.0338248 0.713253 -0.699942 0.0367654 0.741526 -0.67089 0.00676266 0.735881 -0.676722 -0.0229601 0.746915 -0.664071 -0.0335794 -0.549839 -0.598405 0.582742 -0.746059 0.6649 0.0361216 0.178202 0.243726 -0.953332 0.290136 -0.950805 0.10859 0.29112 -0.950383 0.109639 0.0114101 -0.984345 0.175884 0.184897 0.182922 0.965584 0.760881 0.566688 -0.316107 0.912864 0.30554 -0.270787 -0.155586 -0.181164 -0.971068 -0.157774 -0.162652 -0.973988 -0.174905 -0.234147 -0.956339 -0.701086 -0.645991 0.30195 0.214793 0.181562 0.959635 0.201768 0.191114 0.960607 -0.741525 0.670891 0.00676235 -0.735881 0.676722 -0.0229605 -0.746915 0.664071 -0.0335798 0.54984 0.598405 0.582742 0.613212 0.726273 0.310642 0.741616 -0.670791 -0.00677916 0.746059 -0.6649 0.0361218 0.721836 -0.691539 -0.026977 0.602883 0.738061 -0.302982 -0.178202 -0.243726 -0.953332 -0.272292 -0.949539 -0.155669 -0.950805 -0.290133 0.108591 0.208581 -0.213637 0.954386 -0.677146 -0.73545 0.024238 -0.746757 -0.664721 0.0223559 -0.409067 0.534046 0.739904 0.694203 0.717736 -0.0541939 0.737727 0.674945 0.0144577 0.730384 0.682073 0.0362817 -0.736261 -0.676114 -0.0281148 -0.243328 0.184888 -0.95216 -0.234602 0.1877 -0.953798 -0.252033 0.18206 -0.950439 0.699207 0.714118 0.0338248 0.699942 0.713253 0.0367657 -0.6649 -0.746059 0.0361217 -0.00514086 0.977155 -0.212467 0.271923 0.949471 -0.156722 0.272293 0.949538 -0.155672 0.950806 0.290133 0.108589 0.950384 0.291117 0.109638 0.984345 0.0114075 0.17588 0.923489 -0.290934 0.250051 0.77662 -0.556054 0.296084 -0.610852 0.710136 -0.350096 -0.565576 0.763052 -0.312851 -0.566687 0.76088 -0.316112 -0.30554 0.912863 -0.270788 0.204697 -0.166812 -0.964507 0.181164 -0.155586 -0.971068 0.18482 -0.15681 -0.970181 0.171386 -0.150856 -0.973586 0.596105 -0.743642 0.302747 0.596243 -0.743987 0.301624 0.641832 -0.699298 0.314697 0.645992 -0.701086 0.301948 0.717939 -0.61338 0.329133 0.712219 -0.608749 0.349526 0.761132 -0.561544 0.324571 0.217768 -0.173961 -0.960372 -0.725446 0.687027 0.0414951 -0.746758 0.66472 0.0223568 -0.733254 0.679593 -0.0221993 0.72572 -0.686785 -0.0407017 0.746815 -0.664684 -0.0215347 0.730828 -0.680354 -0.0548436 0.694203 -0.717736 -0.0541954 -0.670792 0.741615 -0.00677864 -0.691539 0.721835 -0.0269763 -0.705968 0.706849 -0.0444201 -0.230932 -0.173818 -0.957318 -0.234147 -0.174905 -0.956339 -0.243727 -0.178202 -0.953332 0.712289 0.633351 -0.302507 0.683074 0.657238 -0.318508 0.615427 0.715776 -0.330022 -0.677146 0.735449 0.0242389 0.664072 -0.746914 -0.0335797 0.676723 -0.73588 -0.0229605 0.670892 -0.741524 0.00676267 0.699943 -0.713252 0.0367663 -0.640869 -0.766593 0.0402758 -0.598916 -0.745736 0.291851 -0.603015 -0.745781 0.283166 -0.638886 -0.768531 0.0344204 -0.290933 0.923488 0.250057 0.011409 0.984344 0.175886 -0.556053 0.776619 0.296089 0.977156 -0.00514133 -0.212459 0.949473 0.271923 -0.156712 0.912864 -0.30554 -0.270783 -0.155586 0.181164 -0.971068 -0.15681 0.184819 -0.970182 -0.150856 0.171386 -0.973586 -0.159403 0.18053 -0.970567 -0.157774 0.162652 -0.973988 -0.170155 0.200964 -0.964708 -0.561544 0.761131 0.324573 -0.61338 0.717939 0.329134 -0.60875 0.71222 0.349523 -0.166811 0.204696 -0.964507 -0.173959 0.217766 -0.960373 0.198817 -0.185203 0.962378 0.213636 -0.208581 0.954387 0.21032 -0.199031 0.957158 0.687027 0.725446 0.0414946 0.681226 0.729907 0.0562666 0.66472 0.746758 0.0223566 -0.768531 0.638887 0.0344201 -0.766593 0.640869 0.0402736 -0.745782 0.603015 0.283165 0.601857 -0.736723 -0.308231 0.605129 -0.734027 -0.308259 0.613211 -0.726274 0.310642 0.741617 0.67079 -0.00677941 0.73545 0.677145 0.0242384 0.721836 0.691538 -0.0269787 0.602884 -0.738061 -0.302981 0.603214 -0.738216 -0.301942 0.633351 -0.712289 -0.302508 0.706849 0.705968 -0.0444224 0.511755 -0.617144 -0.597696 0.506185 -0.616667 -0.602908 -0.977153 0.00514313 -0.212475 -0.94954 -0.272294 -0.155659 -0.949472 -0.271919 -0.156726 -0.185294 0.183637 0.965372 -0.178955 0.167287 0.969531 -0.178306 0.167374 0.969635 -0.170872 0.150816 0.973682 -0.160887 0.15955 0.973991 -0.178748 0.161234 0.970594 -0.198817 0.185203 0.962378 -0.715777 0.615427 -0.33002 -0.657238 0.683074 -0.318509 -0.710136 0.610852 -0.350095 -0.763051 0.565576 -0.312852 0.15681 -0.18482 -0.970182 0.159403 -0.18053 -0.970567 0.150856 -0.171386 -0.973586 0.170155 -0.200964 -0.964708 0.173818 -0.230932 -0.957318 0.743642 -0.596105 0.302746 0.699298 -0.641832 0.314697 0.743988 -0.596243 0.301623 0.608749 -0.712219 0.349528 0.61338 -0.717939 0.329133 0.561544 -0.761133 0.324569 0.290934 -0.923489 0.250051 0.556055 -0.776621 0.29608 0.166812 -0.204697 -0.964507 0.173959 -0.217766 -0.960373 -0.213636 0.20858 0.954387 -0.21032 0.199031 0.957158 -0.73545 -0.677145 0.0242379 -0.717312 -0.694501 0.0559671 -0.687029 -0.725444 0.0414939 -0.68123 -0.729905 0.0562628 -0.664721 -0.746757 0.0223554 0.745781 -0.603016 0.283165 0.534045 -0.409069 0.739905 0.319158 -0.247637 0.914775 -0.182276 0.198489 0.963004 0.717736 0.694203 -0.0541957 0.686785 0.72572 -0.0407014 0.680355 0.730828 -0.0548421 0.664684 0.746814 -0.0215358 0.674945 0.737727 0.0144556 0.768532 -0.638886 0.0344165 0.766593 -0.64087 0.0402739 0.745735 -0.598917 0.291851 -0.679593 -0.733254 -0.0221998 -0.676114 -0.736261 -0.0281152 -0.706849 -0.705968 -0.0444194 0.184888 -0.243327 -0.95216 0.187701 -0.234601 -0.953798 0.18206 -0.252032 -0.950439 0.714119 0.699206 0.0338265 0.682073 0.730383 0.036281 0.713254 0.699941 0.0367666 -0.633351 0.712289 -0.302509 -0.603214 0.738216 -0.301943 -0.506186 0.616667 -0.602907 -0.60513 0.734026 -0.308259 -0.601859 0.736722 -0.308231 -0.511755 0.617144 -0.597696 0.950384 -0.291116 0.109641 0.984345 -0.011407 0.175885 0.923488 0.290934 0.250055 0.77662 0.556054 0.296085 -0.183642 -0.185296 0.965371 -0.167376 -0.178307 0.969635 -0.182929 -0.1849 0.965582 -0.167288 -0.178956 0.969531 -0.150816 -0.170872 0.973682 -0.161234 -0.178748 0.970594 -0.15955 -0.160887 0.973991 -0.185203 -0.198817 0.962378 -0.615427 -0.715777 -0.330019 -0.683074 -0.657239 -0.318508 -0.610852 -0.710136 -0.350095 -0.566688 -0.760882 -0.316107 -0.565576 -0.763053 -0.312848 -0.30554 -0.912863 -0.270787 -0.00514167 -0.977155 -0.212467 0.271922 -0.949472 -0.156722 0.204697 0.166812 -0.964507 0.18482 0.15681 -0.970181 0.181164 0.155586 -0.971068 0.171387 0.150856 -0.973586 0.162652 0.157774 -0.973988 0.200964 0.170156 -0.964707 0.180531 0.159403 -0.970567 0.230932 0.173818 -0.957318 0.234148 0.174905 -0.956338 0.596105 0.743643 0.302745 0.641832 0.699298 0.314697 0.596243 0.743988 0.301623 0.645992 0.701086 0.301948 -0.199031 -0.21032 0.957158 -0.181562 -0.214793 0.959635 0.717939 0.61338 0.329133 0.712219 0.608749 0.349527 0.761132 0.561544 0.32457 0.217768 0.173961 -0.960372 0.694501 -0.717312 0.055968 0.729907 -0.681226 0.056267 0.725446 -0.687028 0.0414953 -0.19849 -0.182276 0.963004 -0.191114 -0.201768 0.960607 0.247636 0.319159 0.914775 -0.72572 0.686785 -0.0407017 -0.746815 0.664684 -0.0215347 -0.730828 0.680354 -0.0548436 0.638885 0.768532 0.0344204 0.640869 0.766593 0.0402758 0.603014 0.745782 0.283166 0.598915 0.745737 0.291851 -0.670892 0.741525 0.00676266 -0.676722 0.73588 -0.0229607 -0.664071 0.746915 -0.0335801 -0.598406 -0.549839 0.582741 -0.726275 -0.61321 0.31064 -0.73806 -0.602882 -0.302985 -0.738216 -0.603214 -0.301943 -0.712289 -0.633351 -0.302508 0.243727 0.178202 -0.953332 0.705968 -0.706849 -0.0444231 0.691539 -0.721836 -0.0269789 0.733254 -0.679592 -0.022201 0.67079 -0.741616 -0.0067791 -0.616669 -0.506186 -0.602907 -0.734027 -0.605128 -0.308258 -0.736723 -0.601857 -0.308232 -0.617145 -0.511756 -0.597694 0.183641 0.185296 0.965371 0.167376 0.178308 0.969635 0.182926 0.184899 0.965583 0.167288 0.178956 0.96953 0.150817 0.170873 0.973682 0.161234 0.178748 0.970594 0.159551 0.160888 0.973991 -0.162652 -0.157774 -0.973988 -0.200964 -0.170155 -0.964708 -0.18053 -0.159403 -0.970567 0.185203 0.198817 0.962378 0.181562 0.214793 0.959635 0.20858 0.213637 0.954387 0.199031 0.21032 0.957158 0.734026 0.60513 -0.308258 0.598405 0.54984 0.582741 0.726274 0.613212 0.31064 0.19849 0.182276 0.963004 0.191114 0.201768 0.960607 0.730383 -0.682073 0.0362819 0.737727 -0.674945 0.014458 0.699208 -0.714118 0.0338254 -0.243327 -0.184889 -0.95216 -0.252032 -0.18206 -0.950439 -0.234601 -0.187701 -0.953798 -0.736259 0.676115 -0.0281124 0.617144 0.511757 -0.597694 0.616667 0.506187 -0.602907 -0.247637 -0.319158 0.914775 0.736722 0.601859 -0.308232 0.738216 0.603215 -0.301942 0.738061 0.602884 -0.302981 -0.6649 0.746059 0.0361227 -0.694501 0.717312 0.0559678 -0.409068 -0.534045 0.739905 -0.729907 0.681226 0.0562669 0.94954 0.272293 -0.15566 0.290133 0.950805 0.108592 0.291119 0.950383 0.109643 0.185294 -0.183638 0.965372 0.178306 -0.167374 0.969635 0.184897 -0.182923 0.965584 0.178955 -0.167287 0.969531 0.170872 -0.150816 0.973682 0.178748 -0.161234 0.970594 0.160887 -0.15955 0.973991 0.715777 -0.615427 -0.33002 0.657238 -0.683074 -0.318509 0.710136 -0.610852 -0.350095 0.763053 -0.565577 -0.312848 0.760881 -0.566688 -0.316107 -0.173817 0.230932 -0.957318 -0.174905 0.234147 -0.956339 -0.743641 0.596104 0.30275 -0.699297 0.641831 0.314699 -0.743987 0.596242 0.301627 -0.701085 0.645991 0.301952 0.214793 -0.181562 0.959635 0.717311 0.694501 0.0559669 -0.745738 0.598915 0.291849 -0.534046 0.409067 0.739905 -0.319159 0.247636 0.914775 0.182276 -0.198489 0.963004 0.201768 -0.191114 0.960607 -0.717736 -0.694203 -0.0541957 -0.686785 -0.72572 -0.0407005 -0.680355 -0.730828 -0.0548422 -0.664685 -0.746813 -0.0215333 -0.674945 -0.737726 0.0144575 -0.682073 -0.730384 0.0362822 0.679592 0.733254 -0.0222005 0.676116 0.736259 -0.0281117 -0.184888 0.243328 -0.95216 -0.1877 0.234602 -0.953798 -0.182059 0.252032 -0.950439 -0.714119 -0.699207 0.0338275 -0.713253 -0.699941 0.0367665 -0.741528 -0.670888 0.00676375 -0.735882 -0.67672 -0.0229605 -0.746917 -0.664069 -0.0335802 0.54984 -0.598405 0.582742 0.746059 0.6649 0.0361215 -0.178202 0.243726 -0.953332 -0.290134 -0.950805 0.108594 -0.0114087 -0.984345 0.175883 -0.29112 -0.950383 0.109644 -0.184896 0.182921 0.965585 -0.760882 0.566688 -0.316107 -0.912859 0.305541 -0.270799 0.155586 -0.181165 -0.971068 0.157774 -0.162652 -0.973988 0.174905 -0.234147 -0.956339 0.701086 -0.645992 0.301947 -0.214793 0.181562 0.959635 -0.201768 0.191114 0.960607 0.741528 0.670888 0.00676369 0.735882 0.67672 -0.0229604 0.746917 0.664069 -0.0335802 -0.549839 0.598405 0.582742 -0.613211 0.726274 0.310641 -0.741617 -0.670789 -0.00677995 -0.746059 -0.6649 0.036121 -0.721837 -0.691537 -0.0269754 -0.602883 0.738061 -0.302983 0.178202 -0.243726 -0.953332 0.272292 -0.949539 -0.155669 0.950806 -0.29013 0.10859 -0.20858 -0.213636 0.954387 0.677145 -0.73545 0.0242394 0.746758 -0.66472 0.0223568 0.409067 0.534046 0.739905 -0.694203 0.717736 -0.0541956 -0.737727 0.674945 0.014458 -0.730383 0.682073 0.0362819 0.736259 -0.676115 -0.0281123 0.243328 0.184888 -0.95216 0.234602 0.1877 -0.953798 0.252032 0.182059 -0.950439 -0.699208 0.714118 0.0338254 -0.699943 0.713252 0.0367664 0.6649 -0.746059 0.0361224 0.0051412 0.977155 -0.212464 -0.272294 0.949538 -0.155669 -0.271923 0.949471 -0.156722 -0.950805 0.290132 0.108602 -0.984342 0.0114096 0.175897 -0.950382 0.291119 0.109653 -0.923486 -0.290932 0.250063 -0.776619 -0.556053 0.296089 0.610852 0.710136 -0.350096 0.565576 0.763052 -0.31285 0.566687 0.76088 -0.316114 0.30554 0.912863 -0.270788 -0.204696 -0.166812 -0.964507 -0.18482 -0.15681 -0.970182 -0.181163 -0.155586 -0.971068 -0.171387 -0.150856 -0.973586 -0.596105 -0.743643 0.302745 -0.641831 -0.699297 0.3147 -0.596243 -0.743987 0.301625 -0.645991 -0.701085 0.301952 -0.717938 -0.613379 0.329136 -0.712218 -0.608748 0.349531 -0.761132 -0.561544 0.324573 -0.217768 -0.173961 -0.960372</float_array>
                    <technique_common>
                        <accessor count="680" source="#ID17" stride="3">
                            <param name="X" type="float"/>
                            <param name="Y" type="float"/>
                            <param name="Z" type="float"/>
                        </accessor>
                    </technique_common>
                </source>
                <source id="ID18">
                    <float_array id="ID19" count="724">0.205165 0.711155 0.212315 0.73276 0.223442 0.71848 0.161124 0.607478 0.154933 0.595766 0.14201 0.617321 0.187585 0.591879 0.1413 0.742762 0.154933 0.759883 0.161182 0.748212 0.620835 0.839439 0.636241 0.980102 0.687375 0.980123 0.166256 0.101332 0.261808 0.0974275 0.166257 0.0864035 0.154031 0.726601 0.216991 0.615116 0.204929 0.621128 0.217344 0.638227 0.197199 0.644467 0.414005 0.735335 0.451673 0.718086 0.414122 0.714934 0.451562 0.737617 0.494017 0.162516 0.588739 0.150771 0.493846 0.155021 0.752309 0.405676 0.754481 0.413172 0.765791 0.410217 0.0274217 0.258843 0.121956 0.272467 0.121649 0.220695 0.217509 0.282867 0.217372 0.208608 0.31309 0.207112 0.588834 0.160704 0.684556 0.159449 0.684509 0.147015 0.0205838 0.247921 0.0268334 0.237215 0.433972 0.903308 0.579668 0.96539 0.579645 0.916014 0.329463 0.711155 0.34774 0.71848 0.335682 0.699511 0.900048 0.777723 0.900159 0.758193 0.862491 0.775441 0.979205 0.779322 0.978983 0.757069 0.941642 0.779099 0.265599 0.742762 0.28548 0.748212 0.278329 0.726601 0.493279 0.103512 0.638947 0.101332 0.493275 0.0819013 0.279231 0.759883 0.941865 0.797084 0.979416 0.796444 0.818046 0.405676 0.831528 0.410217 0.829357 0.402721 0.458951 0.478421 0.357785 0.452428 0.45213 0.489344 0.357502 0.5042 0.262015 0.441668 0.261885 0.515927 0.166279 0.517065 0.261808 0.035733 0.261862 0.0232991 0.166257 0.024709 0.357479 0.0218948 0.357686 0.386912 0.357379 0.335141 0.261826 0.32474 0.166274 0.32368 0.166246 0.400496 0.932009 0.347773 0.932014 0.326168 0.786347 0.338614 0.69063 0.339864 0.690582 0.32743 0.594907 0.341119 0.500091 0.342931 0.594813 0.331186 0.458752 0.359686 0.452502 0.370392 0.0205838 0.454983 0.0206065 0.504359 0.154031 0.830272 0.205165 0.814826 0.176594 0.799637 0.211384 0.803183 0.223442 0.822151 0.900159 0.657427 0.900252 0.635873 0.862695 0.635307 0.427466 0.796503 0.38991 0.800331 0.427461 0.830099 0.66712 0.452925 0.634468 0.456812 0.640658 0.468524 0.621545 0.478366 0.632928 0.491856 0.900048 0.676958 0.862491 0.674676 0.862608 0.654275 0.212315 0.836432 0.224431 0.842552 0.154933 0.863555 0.862269 0.695679 0.89982 0.696319 0.682954 0.517258 0.676734 0.505512 0.620835 0.497897 0.166256 0.0396374 0.0205838 0.0202068 0.979002 0.979483 0.978791 0.962362 0.941228 0.962138 0.941451 0.980123 0.700054 0.410217 0.711141 0.407324 0.70897 0.399829 0.500091 0.279085 0.594813 0.26734 0.499919 0.27159 0.539649 0.440249 0.528562 0.446307 0.512731 0.53794 0.55096 0.446836 0.566345 0.538213 0.501588 0.630419 0.57849 0.630545 0.579668 0.722865 0.734499 0.035733 0.734553 0.0232991 0.638948 0.024709 0.830052 0.0318334 0.924587 0.0273722 0.83017 0.0218948 0.924799 0.0198766 0.686572 0.405676 0.688744 0.413172 0.783814 0.980123 0.795124 0.97352 0.755619 0.88253 0.809232 0.882234 0.743102 0.790096 0.820003 0.789964 0.741552 0.697668 0.821101 0.697696 0.754561 0.557011 0.932009 0.283927 0.932014 0.262322 0.786347 0.274768 0.786352 0.259834 0.500119 0.722898 0.515376 0.863555 0.690582 0.263584 0.69063 0.276018 0.594907 0.277273 0.772727 0.974089 0.300892 0.799637 0.329463 0.814826 0.335682 0.803183 0.772837 0.45293 0.74201 0.489191 0.774662 0.489202 0.278335 0.607478 0.272144 0.595766 0.259221 0.617321 0.900048 0.576193 0.900159 0.556662 0.862491 0.573911 0.862608 0.55351 0.334555 0.638227 0.334202 0.615116 0.32214 0.621128 0.804068 0.489204 0.807483 0.452931 0.493279 0.0418179 0.638947 0.0396374 0.493275 0.0202068 0.805695 0.557033 0.279231 0.863555 0.336613 0.836432 0.28548 0.851883 0.265599 0.846433 0.979416 0.715594 0.979205 0.698473 0.941642 0.698249 0.941865 0.716234 0.0606025 0.980123 0.0716896 0.974066 0.087521 0.882433 0.0492913 0.973537 0.0986633 0.789954 0.0339065 0.88216 0.021762 0.789828 0.698834 0.747038 0.621933 0.74717 0.700384 0.839466 0.100133 0.697475 0.0205838 0.697508 0.0848751 0.556818 0.0337417 0.55684 0.941642 0.617399 0.978983 0.59537 0.94142 0.594288 0.883298 0.489199 0.852067 0.452925 0.848651 0.489197 0.881472 0.452926 0.153393 0.630811 0.1413 0.636852 0.203419 0.656212 0.862269 0.836837 0.86627 0.873098 0.928389 0.873319 0.413782 0.756337 0.224431 0.738881 0.941865 0.635384 0.979416 0.634744 0.914124 0.452937 0.979205 0.617623 0.0205838 0.0819013 0.0205882 0.103512 0.141947 0.720509 0.176594 0.695966 0.918088 0.489204 0.451766 0.696531 0.414209 0.695966 0.211384 0.699511 0.76362 0.402721 0.774707 0.399829 0.776878 0.407324 0.1413 0.941951 0.147573 0.952658 0.242467 0.967945 0.148121 0.931029 0.24275 0.916173 0.338237 0.978704 0.338367 0.904445 0.734499 0.0974275 0.734553 0.0849936 0.638948 0.0864035 0.83017 0.0835893 0.830052 0.0935279 0.924587 0.0890666 0.924799 0.0815711 0.313061 0.283927 0.458752 0.219674 0.925936 0.167358 0.92594 0.145753 0.780274 0.1582 0.780279 0.143265 0.434006 0.980123 0.300892 0.695966 0.862695 0.736072 0.862608 0.75504 0.900252 0.736638 0.862269 0.980123 0.899825 0.976296 0.862274 0.946528 0.899837 0.944765 0.422007 0.591879 0.389355 0.595766 0.395546 0.607478 0.376432 0.617321 0.387815 0.630811 0.375723 0.636852 0.336613 0.73276 0.348729 0.738881 0.862269 0.796444 0.89982 0.797084 0.437841 0.656212 0.431621 0.644467 0.451766 0.638227 0.439351 0.621128 0.451413 0.615116 0.899838 0.91637 0.862275 0.913072 0.94142 0.755987 0.266245 0.720509 0.458729 0.269051 0.840444 0.399829 0.842615 0.407324 0.499919 0.335436 0.452678 0.467715 0.357361 0.0318334 0.451895 0.0273722 0.452107 0.0198766 0.820218 0.413172 0.451914 0.348765 0.261963 0.398999 0.0205838 0.387934 0.786352 0.32368 0.166245 0.440249 0.389898 0.831861 0.696879 0.499272 0.684464 0.482173 0.696526 0.476161 0.389897 0.860256 0.42746 0.863555 0.978569 0.940109 0.941006 0.939027 0.1413 0.846433 0.141947 0.82418 0.161182 0.851883 0.0205882 0.0418179 0.0206065 0.338557 0.697883 0.402721 0.56651 0.863533 0.278329 0.830272 0.34774 0.822151 0.862695 0.534542 0.900252 0.535108 0.738046 0.452925 0.304796 0.591879 0.270604 0.630811 0.258512 0.636852 0.348729 0.842552 0.862269 0.594914 0.89982 0.595554 0.32063 0.656212 0.31441 0.644467 0.978983 0.676219 0.94142 0.675138 0.266245 0.82418 0.620835 0.405676 0.634317 0.410217 0.632147 0.402721 0.643234 0.399829 0.645405 0.407324 0.0207556 0.162516 0.115477 0.150771 0.0205838 0.155021 0.261862 0.0849936 0.357479 0.0835893 0.357361 0.0935279 0.451895 0.0890666 0.452107 0.0815711 0.623007 0.413172 0.658122 0.557011 0.646812 0.563614 0.686317 0.654604 0.632704 0.6549 0.452674 0.167358 0.452678 0.145753 0.307012 0.1582 0.307017 0.143265 0.211247 0.147015 0.211295 0.159449 0.115572 0.160704 0.669209 0.563046</float_array>
                    <technique_common>
                        <accessor count="362" source="#ID19" stride="2">
                            <param name="S" type="float"/>
                            <param name="T" type="float"/>
                        </accessor>
                    </technique_common>
                </source>
                <vertices id="ID20">
                    <input semantic="POSITION" source="#ID14"/>
                </vertices>
                <polylist count="592" material="Material1">
                    <input offset="0" semantic="VERTEX" source="#ID20"/>
                    <input offset="1" semantic="NORMAL" source="#ID16"/>
                    <input offset="2" semantic="TEXCOORD" source="#ID18" set="0"/>
                    <vcount>3 3 3 3 3 3 3 3 3 3 3 3 3 3 3 3 3 3 3 3 3 3 3 3 3 3 3 3 3 3 3 3 3 3 3 3 3 3 3 3 3 3 3 3 3 3 3 3 3 3 3 3 3 3 3 3 3 3 3 3 3 3 3 3 3 3 3 3 3 3 3 3 3 3 3 3 3 3 3 3 3 3 3 3 3 3 3 3 3 3 3 3 3 3 3 3 3 3 3 3 3 3 3 3 3 3 3 3 3 3 3 3 3 3 3 3 3 3 3 3 3 3 3 3 3 3 3 3 3 3 3 3 3 3 3 3 3 3 3 3 3 3 3 3 3 3 3 3 3 3 3 3 3 3 3 3 3 3 3 3 3 3 3 3 3 3 3 3 3 3 3 3 3 3 3 3 3 3 3 3 3 3 3 3 3 3 3 3 3 3 3 3 3 3 3 3 3 3 3 3 3 3 3 3 3 3 3 3 3 3 3 3 3 3 3 3 3 3 3 3 3 3 3 3 3 3 3 3 3 3 3 3 3 3 3 3 3 3 3 3 3 3 3 3 3 3 3 3 3 3 3 3 3 3 3 3 3 3 3 3 3 3 3 3 3 3 3 3 3 3 3 3 3 3 3 3 3 3 3 3 3 3 3 3 3 3 3 3 3 3 3 3 3 3 3 3 3 3 3 3 3 3 3 3 3 3 3 3 3 3 3 3 3 3 3 3 3 3 3 3 3 3 3 3 3 3 3 3 3 3 3 3 3 3 3 3 3 3 3 3 3 3 3 3 3 3 3 3 3 3 3 3 3 3 3 3 3 3 3 3 3 3 3 3 3 3 3 3 3 3 3 3 3 3 3 3 3 3 3 3 3 3 3 3 3 3 3 3 3 3 3 3 3 3 3 3 3 3 3 3 3 3 3 3 3 3 3 3 3 3 3 3 3 3 3 3 3 3 3 3 3 3 3 3 3 3 3 3 3 3 3 3 3 3 3 3 3 3 3 3 3 3 3 3 3 3 3 3 3 3 3 3 3 3 3 3 3 3 3 3 3 3 3 3 3 3 3 3 3 3 3 3 3 3 3 3 3 3 3 3 3 3 3 3 3 3 3 3 3 3 3 3 3 3 3 3 3 3 3 3 3 3 3 3 3 3 3 3 3 3 3 3 3 3 3 3 3 3 3 3 3 3 3 3 3 3 3 3 3 3 3 3 3 3 3 3 3 3 3 3 3 3 3 3 3 3 3 3 3 3 3 3 3 3 3 3 3 3 3 3 3 3 3 3 3 3 3 3 3 3 3 3 3 3 3 3 3 3 3 3 3 3 3 3 3 3 3 3 3 3 3 3</vcount>
                    <p>2 2 2 1 1 1 0 0 0 5 5 5 4 4 4 3 3 3 3 3 3 4 4 4 6 6 6 9 9 9 8 8 8 7 7 7 1 12 12 9 11 11 10 10 10 12 15 15 11 14 14 10 13 13 13 16 16 9 9 9 7 7 7 15 18 18 6 6 6 14 17 17 15 18 18 14 17 17 16 19 19 17 20 20 15 18 18 16 19 19 2 23 23 5 22 22 18 21 21 18 21 21 5 22 22 19 24 24 22 27 27 21 26 26 20 25 25 25 30 30 24 29 29 23 28 28 27 33 33 26 32 32 24 31 31 28 34 34 26 32 32 27 33 33 29 35 35 28 34 34 27 33 33 30 36 36 28 34 34 29 35 35 31 39 39 29 38 38 27 37 37 20 41 41 27 33 33 25 40 40 34 44 44 33 43 43 32 42 42 36 47 47 35 46 46 33 45 45 39 50 50 38 49 49 37 48 48 42 53 53 41 52 52 40 51 51 34 56 56 43 55 55 40 54 54 34 59 59 44 58 58 43 57 57 43 55 55 45 60 60 40 54 54 42 53 53 45 62 62 46 61 61 49 65 65 48 64 64 47 63 63 47 68 68 50 67 67 49 66 66 53 71 71 52 70 70 51 69 69 53 71 71 54 72 72 52 70 70 54 75 75 53 74 74 55 73 73 53 74 74 51 76 76 55 73 73 55 79 79 57 78 78 56 77 77 59 81 81 58 80 80 55 79 79 59 84 84 61 83 83 60 82 82 52 86 86 59 84 84 62 85 85 52 86 86 62 85 85 56 87 87 50 89 89 56 87 87 63 88 88 63 91 91 56 77 77 48 90 90 64 93 93 61 92 92 54 72 72 65 96 96 61 95 95 64 94 94 66 97 97 61 95 95 65 96 96 66 97 97 67 98 98 61 95 95 66 101 101 69 100 100 68 99 99 65 102 104 69 100 103 66 101 102 71 105 107 69 104 106 70 103 105 68 106 108 69 104 106 71 105 107 72 107 109 68 106 108 71 105 107 74 109 111 68 99 99 73 108 110 67 110 112 68 99 99 74 109 111 67 98 98 74 112 114 60 111 113 60 111 113 74 112 114 75 113 115 74 115 111 73 114 110 75 114 116 73 114 110 76 116 117 75 114 116 73 119 120 77 118 119 76 117 118 64 121 122 54 75 75 58 120 121 54 75 75 55 73 73 58 120 121 79 124 125 78 123 124 75 122 123 79 124 125 75 122 123 76 125 126 82 128 129 81 127 128 80 126 127 82 128 132 83 129 131 81 127 130 83 132 135 82 131 134 84 130 133 85 133 136 83 132 135 84 130 133 86 134 137 83 132 135 85 133 136 86 134 137 87 135 138 83 132 135 88 136 139 87 135 138 86 134 137 88 136 139 89 137 140 87 135 138 89 140 143 88 139 142 90 138 141 86 143 146 92 142 145 91 141 144 86 143 146 85 144 147 92 142 145 80 145 127 92 142 149 85 144 148 93 148 152 92 147 151 80 146 150 93 148 152 91 149 153 92 147 151 95 152 156 90 151 155 94 150 154 95 152 156 96 153 157 90 151 155 95 152 156 97 154 158 96 153 157 95 157 161 98 156 160 97 155 159 99 158 162 98 156 160 95 157 161 98 160 164 99 159 163 89 137 140 87 161 165 99 158 162 95 157 161 87 161 165 95 157 161 94 162 166 83 129 131 87 161 165 93 163 167 83 129 131 93 163 167 81 127 130 81 164 168 93 148 152 80 146 150 101 167 171 98 166 170 100 165 169 103 170 174 102 169 173 100 168 172 105 173 177 102 172 176 104 171 175 107 176 180 105 175 179 106 174 178 108 177 181 105 175 179 107 176 180 111 180 184 110 179 183 109 178 182 110 181 185 103 170 174 100 168 172 112 182 186 110 181 185 100 168 172 114 185 189 96 184 188 113 183 187 97 154 158 113 186 190 96 153 157 113 189 193 97 188 192 115 187 191 113 189 193 115 187 191 116 190 194 109 193 197 116 192 196 115 191 195 109 193 197 115 191 195 117 194 198 120 197 201 119 196 200 118 195 199 121 198 202 120 197 201 118 195 199 123 200 204 122 199 203 120 197 201 124 201 205 122 199 203 123 200 204 126 204 208 11 203 207 125 202 206 126 204 208 10 10 10 11 203 207 12 206 210 127 205 209 122 199 203 13 208 212 0 207 211 12 206 210 14 211 215 128 210 214 16 209 213 128 210 218 14 211 217 129 212 216 14 211 217 6 213 219 129 212 216 3 3 3 6 6 6 15 18 18 19 215 221 130 214 220 17 20 20 19 215 221 17 20 20 131 216 222 19 217 225 131 218 224 8 217 223 18 219 21 19 217 24 8 217 226 1 1 1 18 220 227 8 8 8 2 2 2 18 220 227 1 1 1 19 215 221 5 5 5 130 214 220 130 214 220 5 5 5 3 3 3 16 209 213 8 222 229 131 221 228 6 213 219 4 223 230 129 212 216 16 209 213 7 224 231 8 222 229 9 9 9 1 1 1 8 8 8 13 225 232 12 15 15 10 13 13 13 225 232 10 13 13 9 226 233 129 228 235 13 16 16 128 227 234 129 212 216 4 223 230 132 229 236 132 229 238 4 223 237 5 22 22 2 23 23 132 229 238 5 22 22 132 230 239 2 2 2 0 0 0 128 227 234 13 16 16 7 7 7 16 209 213 128 210 214 7 224 231 131 216 222 17 20 20 16 19 19 132 230 239 0 0 0 129 228 235 129 228 235 0 0 0 13 16 16 133 231 240 25 30 30 23 28 28 22 27 241 25 233 30 133 232 240 22 27 241 20 25 242 25 233 30 21 236 245 22 235 244 133 234 243 23 237 246 21 236 245 133 234 243 134 238 247 21 236 245 23 237 246 134 238 247 31 239 248 21 236 245 135 240 249 31 239 248 134 238 247 135 240 249 32 42 42 31 239 248 32 243 252 135 242 251 28 241 250 135 242 251 134 244 253 28 241 250 134 244 253 26 245 254 28 241 250 134 244 253 24 29 255 26 245 254 134 244 253 23 28 256 24 29 255 27 33 33 24 31 31 25 40 40 30 36 36 44 246 257 28 34 34 30 36 36 136 247 258 44 246 257 30 250 261 33 249 260 136 248 259 137 251 262 33 249 260 30 250 261 33 43 43 137 252 263 32 42 42 32 42 42 137 252 263 31 239 248 31 39 39 137 251 262 30 250 261 31 39 39 30 250 261 29 38 38 21 26 26 31 39 39 27 37 37 21 26 26 27 37 37 20 25 25 138 253 264 33 45 45 34 56 56 36 47 47 33 45 45 138 253 264 35 255 266 36 254 265 38 49 49 36 254 265 139 256 267 38 49 49 138 257 270 139 256 269 36 254 268 140 258 271 139 256 269 138 257 270 141 261 274 139 260 273 140 259 272 38 262 275 139 260 273 141 261 274 142 263 276 38 262 275 141 261 274 37 264 277 38 262 275 142 263 276 35 255 266 38 49 49 39 50 50 35 46 46 39 266 279 136 265 278 136 265 278 39 266 279 45 60 60 39 268 50 37 267 48 45 267 280 37 267 48 46 269 281 45 267 280 37 264 277 143 271 283 46 270 282 37 264 277 142 263 276 143 271 283 46 270 282 143 271 283 42 272 284 143 271 283 144 273 285 42 272 284 144 273 285 145 274 286 42 272 284 144 273 285 140 259 272 145 274 286 141 261 274 140 259 272 144 273 285 145 275 287 140 258 271 138 257 270 41 52 288 145 275 287 138 257 270 145 275 289 41 52 52 42 53 53 41 276 290 34 56 56 40 54 54 138 253 264 34 56 56 41 276 290 34 59 59 32 243 252 44 58 58 32 243 252 28 241 250 44 58 58 136 247 258 43 277 291 44 246 257 43 55 55 136 265 278 45 60 60 42 53 53 40 51 51 45 62 62 35 46 46 136 265 278 33 45 45 146 280 292 48 279 64 49 278 65 146 280 292 63 88 293 48 279 64 146 280 294 50 89 89 63 88 88 50 67 67 146 281 295 49 66 66 51 69 69 50 67 67 47 68 68 51 69 69 52 70 70 50 67 67 51 76 76 57 282 296 55 73 73 51 76 76 147 283 297 57 282 296 51 76 76 47 63 298 147 283 297 48 64 64 147 283 299 47 63 63 56 77 77 147 284 300 48 90 90 56 77 77 57 78 78 147 284 300 62 285 301 55 79 79 56 77 77 59 81 81 55 79 79 62 285 301 59 81 81 60 286 302 58 80 80 148 287 303 61 83 83 59 84 84 61 92 92 148 288 304 54 72 72 54 72 72 148 288 304 52 70 70 52 86 86 148 287 303 59 84 84 50 89 89 52 86 86 56 87 87 67 110 112 66 101 101 68 99 99 70 289 305 69 100 103 65 102 104 73 119 120 68 106 108 72 107 109 73 119 120 72 107 109 77 118 119 76 117 118 77 118 119 79 290 306 77 118 119 149 291 307 79 290 306 149 291 307 150 292 308 79 290 306 149 291 307 70 103 105 150 292 308 71 105 107 70 103 105 149 291 307 150 293 309 70 289 305 65 102 104 151 294 310 150 293 309 65 102 104 150 293 312 151 294 311 79 124 125 79 124 125 151 294 311 78 123 124 151 296 314 64 94 94 78 295 313 65 96 96 64 94 94 151 296 314 64 94 94 152 297 315 78 295 313 64 121 122 58 120 121 152 298 316 60 286 302 152 299 317 58 80 80 152 297 315 60 111 113 75 113 115 152 297 315 75 113 115 78 295 313 67 98 98 60 111 113 61 95 95 84 300 318 80 145 127 85 144 148 82 128 129 80 126 127 84 301 318 88 139 142 86 143 146 90 138 141 86 143 146 91 141 144 90 138 141 90 151 155 91 149 153 93 148 152 94 150 154 90 151 155 93 148 152 89 137 140 99 159 163 87 135 138 87 161 165 94 162 166 93 163 167 114 302 319 98 160 164 89 137 140 100 165 169 98 166 170 114 303 320 101 167 171 108 304 321 98 166 170 108 177 181 101 305 322 105 175 179 101 305 322 102 169 323 105 175 179 100 168 172 102 169 173 101 305 324 104 171 175 102 172 176 103 306 325 153 307 326 105 173 177 104 171 175 106 308 327 105 173 177 153 307 326 108 304 321 107 309 328 97 188 192 97 188 192 107 309 328 115 187 191 107 311 180 106 310 178 115 310 329 106 310 178 117 312 330 115 310 329 106 308 327 154 314 332 117 313 331 106 308 327 153 307 326 154 314 332 117 313 331 154 314 332 109 178 182 154 314 332 111 180 184 109 178 182 111 180 184 103 306 325 110 179 183 104 171 175 103 306 325 111 180 184 110 181 334 112 182 333 109 193 197 109 193 197 112 182 333 116 192 196 112 315 335 114 303 320 116 190 194 100 165 169 114 303 320 112 315 335 114 303 320 113 189 193 116 190 194 114 185 189 89 140 143 96 184 188 89 140 143 90 138 141 96 184 188 108 304 321 97 188 192 98 166 170 118 318 338 155 317 337 121 316 336 119 321 339 155 320 337 118 319 338 119 321 339 156 322 340 155 320 337 119 321 343 120 323 342 156 322 341 123 200 204 120 197 201 121 198 202 124 201 205 12 206 210 122 199 203 12 15 15 124 324 344 11 14 14 124 324 344 123 325 345 11 14 14 123 325 345 157 326 346 11 14 14 123 325 345 158 327 347 157 326 346 123 325 345 121 316 348 158 327 347 155 317 337 158 327 349 121 316 336 159 330 352 158 329 351 155 328 350 159 330 352 157 331 353 158 329 351 11 203 207 157 331 353 159 330 352 125 202 206 11 203 207 159 330 352 126 204 208 1 12 12 10 10 10 126 334 356 0 333 355 1 332 354 127 335 357 0 333 355 126 334 356 0 207 211 127 205 209 12 206 210 122 336 358 127 335 357 126 334 356 122 336 358 126 334 356 125 337 359 122 336 358 125 337 359 159 338 360 120 323 342 122 336 358 159 338 360 120 323 342 159 338 360 156 322 341 156 339 361 159 330 352 155 328 350 161 342 1 162 341 2 160 340 0 164 345 4 165 344 5 163 343 3 164 345 4 163 343 3 166 346 6 168 349 8 169 348 9 167 347 7 169 352 11 161 351 12 170 350 10 171 355 14 172 354 15 170 353 13 169 348 9 173 356 16 167 347 7 166 346 6 175 358 18 174 357 17 174 357 17 175 358 18 176 359 19 175 358 18 177 360 20 176 359 19 165 363 22 162 362 23 178 361 21 165 363 22 178 361 21 179 364 24 181 367 26 182 366 27 180 365 25 184 370 29 185 369 30 183 368 28 186 373 32 187 372 33 184 371 31 186 373 32 188 374 34 187 372 33 188 374 34 189 375 35 187 372 33 188 374 34 190 376 36 189 375 35 189 379 38 191 378 39 187 377 37 187 372 33 180 381 41 185 380 40 193 384 43 194 383 44 192 382 42 195 387 46 196 386 47 193 385 45 198 390 49 199 389 50 197 388 48 201 393 52 202 392 53 200 391 51 203 396 55 194 395 56 200 394 54 204 399 58 194 398 59 203 397 57 205 400 60 203 396 55 200 394 54 205 402 62 202 392 53 206 401 61 208 405 64 209 404 65 207 403 63 210 408 67 207 407 68 209 406 66 212 411 70 213 410 71 211 409 69 214 412 72 213 410 71 212 411 70 213 415 74 214 414 75 215 413 73 211 416 76 213 415 74 215 413 73 217 419 78 215 418 79 216 417 77 218 421 80 219 420 81 215 418 79 221 424 83 219 423 84 220 422 82 219 423 84 212 426 86 222 425 85 222 425 85 212 426 86 216 427 87 216 427 87 210 429 89 223 428 88 216 417 77 223 431 91 208 430 90 221 433 92 224 432 93 214 412 72 221 436 95 225 435 96 224 434 94 221 436 95 226 437 97 225 435 96 227 438 98 226 437 97 221 436 95 229 441 100 226 440 101 228 439 99 229 441 103 225 442 104 226 440 102 229 445 106 231 444 107 230 443 105 229 445 106 228 446 108 231 444 107 228 446 108 232 447 109 231 444 107 228 439 99 234 449 111 233 448 110 228 439 99 227 450 112 234 449 111 234 452 114 227 438 98 220 451 113 234 452 114 220 451 113 235 453 115 233 454 110 234 455 111 235 454 116 236 456 117 233 454 110 235 454 116 237 459 119 233 458 120 236 457 118 214 414 75 224 461 122 218 460 121 215 413 73 214 414 75 218 460 121 238 464 124 239 463 125 235 462 123 235 462 123 239 463 125 236 465 126 241 468 128 242 467 129 240 466 127 243 469 131 242 467 132 241 468 130 242 472 134 243 471 135 244 470 133 243 471 135 245 473 136 244 470 133 243 471 135 246 474 137 245 473 136 247 475 138 246 474 137 243 471 135 247 475 138 248 476 139 246 474 137 249 477 140 248 476 139 247 475 138 248 480 142 249 479 143 250 478 141 252 483 145 246 482 146 251 481 144 245 484 147 246 482 146 252 483 145 252 483 149 240 485 127 245 484 148 252 488 151 253 487 152 240 486 150 251 489 153 253 487 152 252 488 151 250 492 155 255 491 156 254 490 154 256 493 157 255 491 156 250 492 155 257 494 158 255 491 156 256 493 157 258 497 160 255 496 161 257 495 159 258 497 160 259 498 162 255 496 161 259 500 163 258 499 164 249 477 140 259 498 162 247 501 165 255 496 161 255 496 161 247 501 165 254 502 166 247 501 165 243 469 131 253 503 167 253 503 167 243 469 131 241 468 130 253 487 152 241 504 168 240 486 150 258 507 170 261 506 171 260 505 169 262 510 173 263 509 174 260 508 172 262 513 176 265 512 177 264 511 175 265 516 179 267 515 180 266 514 178 265 516 179 268 517 181 267 515 180 270 520 183 271 519 184 269 518 182 263 509 174 270 521 185 260 508 172 270 521 185 272 522 186 260 508 172 256 525 188 274 524 189 273 523 187 273 526 190 257 494 158 256 493 157 257 529 192 273 528 193 275 527 191 275 527 191 273 528 193 276 530 194 276 533 196 269 532 197 275 531 195 275 531 195 269 532 197 277 534 198 279 537 200 280 536 201 278 535 199 280 536 201 281 538 202 278 535 199 282 540 203 283 539 204 280 536 201 282 540 203 284 541 205 283 539 204 171 544 207 286 543 208 285 542 206 170 350 10 286 543 208 171 544 207 287 546 209 172 545 210 282 540 203 160 548 211 173 547 212 172 545 210 288 551 214 174 550 215 176 549 213 174 550 217 288 551 218 289 552 216 166 553 219 174 550 217 289 552 216 166 346 6 163 343 3 175 358 18 290 555 220 179 554 221 177 360 20 177 360 20 179 554 221 291 556 222 291 558 224 179 557 225 168 557 223 179 557 24 178 559 21 168 557 226 178 560 227 161 342 1 168 349 8 178 560 227 162 341 2 161 342 1 165 344 5 179 554 221 290 555 220 165 344 5 290 555 220 163 343 3 168 562 229 176 549 213 291 561 228 164 563 230 166 553 219 289 552 216 167 564 231 176 549 213 168 562 229 161 342 1 169 348 9 168 349 8 172 354 15 173 565 232 170 353 13 170 353 13 173 565 232 169 566 233 173 356 16 289 568 235 288 567 234 164 563 230 289 552 216 292 569 236 164 563 237 292 569 238 165 363 22 292 569 238 162 362 23 165 363 22 162 341 2 292 570 239 160 340 0 173 356 16 288 567 234 167 347 7 288 551 214 176 549 213 167 564 231 177 360 20 291 556 222 176 359 19 160 340 0 292 570 239 289 568 235 160 340 0 289 568 235 173 356 16 185 369 30 293 571 240 183 368 28 185 573 30 182 366 241 293 572 240 180 365 242 182 366 241 185 573 30 182 576 244 181 575 245 293 574 243 181 575 245 183 577 246 293 574 243 181 575 245 294 578 247 183 577 246 191 579 248 294 578 247 181 575 245 191 579 248 295 580 249 294 578 247 192 382 42 295 580 249 191 579 248 295 583 251 192 582 252 188 581 250 294 584 253 295 583 251 188 581 250 186 585 254 294 584 253 188 581 250 184 370 255 294 584 253 186 585 254 183 368 256 294 584 253 184 370 255 184 371 31 187 372 33 185 380 40 204 586 257 190 376 36 188 374 34 296 587 258 190 376 36 204 586 257 193 590 260 190 589 261 296 588 259 193 590 260 297 591 262 190 589 261 297 592 263 193 384 43 192 382 42 297 592 263 192 382 42 191 579 248 297 591 262 191 378 39 190 589 261 190 589 261 191 378 39 189 379 38 191 378 39 181 367 26 187 377 37 187 377 37 181 367 26 180 365 25 193 385 45 298 593 264 194 395 56 193 385 45 196 386 47 298 593 264 196 595 265 195 594 266 198 390 49 299 596 267 196 595 265 198 390 49 299 596 269 298 597 270 196 595 268 299 596 269 300 598 271 298 597 270 299 601 273 301 600 274 300 599 272 299 601 273 198 602 275 301 600 274 198 602 275 302 603 276 301 600 274 198 602 275 197 604 277 302 603 276 198 390 49 195 594 266 199 389 50 199 606 279 195 387 46 296 605 278 199 606 279 296 605 278 205 400 60 197 607 48 199 608 50 205 607 280 206 609 281 197 607 48 205 607 280 303 611 283 197 604 277 206 610 282 302 603 276 197 604 277 303 611 283 303 611 283 206 610 282 202 612 284 304 613 285 303 611 283 202 612 284 305 614 286 304 613 285 202 612 284 300 599 272 304 613 285 305 614 286 300 599 272 301 600 274 304 613 285 300 598 271 305 615 287 298 597 270 305 615 287 201 393 288 298 597 270 201 393 52 305 615 289 202 392 53 194 395 56 201 616 290 200 394 54 194 395 56 298 593 264 201 616 290 192 582 252 194 398 59 204 399 58 188 581 250 192 582 252 204 399 58 203 617 291 296 587 258 204 586 257 296 605 278 203 396 55 205 400 60 200 391 51 202 392 53 205 402 62 296 605 278 195 387 46 193 385 45 208 620 64 306 619 292 209 618 65 223 428 293 306 619 292 208 620 64 210 429 89 306 619 294 223 428 88 306 621 295 210 408 67 209 406 66 210 408 67 211 409 69 207 407 68 212 411 70 211 409 69 210 408 67 217 622 296 211 416 76 215 413 73 307 623 297 211 416 76 217 622 296 207 403 298 211 416 76 307 623 297 307 623 299 208 405 64 207 403 63 307 624 300 216 417 77 208 430 90 217 419 78 216 417 77 307 624 300 215 418 79 222 625 301 216 417 77 215 418 79 219 420 81 222 625 301 220 626 302 219 420 81 218 421 80 221 424 83 308 627 303 219 423 84 308 628 304 221 433 92 214 412 72 308 628 304 214 412 72 212 411 70 308 627 303 212 426 86 219 423 84 212 426 86 210 429 89 216 427 87 226 440 101 227 450 112 228 439 99 229 441 103 230 629 305 225 442 104 228 446 108 233 458 120 232 447 109 232 447 109 233 458 120 237 459 119 237 459 119 236 457 118 239 630 306 309 631 307 237 459 119 239 630 306 310 632 308 309 631 307 239 630 306 230 443 105 309 631 307 310 632 308 230 443 105 231 444 107 309 631 307 230 629 305 310 633 309 225 442 104 310 633 309 311 634 310 225 442 104 311 634 311 310 633 312 239 463 125 311 634 311 239 463 125 238 464 124 224 434 94 311 636 314 238 635 313 224 434 94 225 435 96 311 636 314 312 637 315 224 434 94 238 635 313 218 460 121 224 461 122 312 638 316 312 639 317 220 626 302 218 421 80 220 451 113 312 637 315 235 453 115 235 453 115 312 637 315 238 635 313 220 451 113 227 438 98 221 436 95 240 485 127 244 640 318 245 484 148 240 466 127 242 467 129 244 641 318 246 482 146 248 480 142 250 478 141 251 481 144 246 482 146 250 478 141 251 489 153 250 492 155 253 487 152 250 492 155 254 490 154 253 487 152 259 500 163 249 477 140 247 475 138 254 502 166 247 501 165 253 503 167 258 499 164 274 642 319 249 477 140 258 507 170 260 505 169 274 643 320 268 644 321 261 506 171 258 507 170 261 645 322 268 517 181 265 516 179 262 510 323 261 645 322 265 516 179 262 510 173 260 508 172 261 645 324 262 513 176 264 511 175 263 646 325 265 512 177 313 647 326 264 511 175 265 512 177 266 648 327 313 647 326 267 649 328 268 644 321 257 529 192 267 649 328 257 529 192 275 527 191 266 650 178 267 651 180 275 650 329 277 652 330 266 650 178 275 650 329 314 654 332 266 648 327 277 653 331 313 647 326 266 648 327 314 654 332 314 654 332 277 653 331 269 518 182 271 519 184 314 654 332 269 518 182 263 646 325 271 519 184 270 520 183 263 646 325 264 511 175 271 519 184 272 522 333 270 521 334 269 532 197 272 522 333 269 532 197 276 533 196 274 643 320 272 655 335 276 530 194 274 643 320 260 505 169 272 655 335 273 528 193 274 643 320 276 530 194 249 479 143 274 524 189 256 525 188 250 478 141 249 479 143 256 525 188 257 529 192 268 644 321 258 507 170 315 658 337 278 657 338 281 656 336 315 661 337 279 660 339 278 659 338 316 662 340 279 660 339 315 661 337 280 663 342 279 660 343 316 662 341 280 536 201 283 539 204 281 538 202 172 545 210 284 541 205 282 540 203 284 664 344 172 354 15 171 355 14 283 665 345 284 664 344 171 355 14 317 666 346 283 665 345 171 355 14 318 667 347 283 665 345 317 666 346 281 656 348 283 665 345 318 667 347 318 667 349 315 658 337 281 656 336 318 670 351 319 669 352 315 668 350 317 671 353 319 669 352 318 670 351 317 671 353 171 544 207 319 669 352 171 544 207 285 542 206 319 669 352 161 351 12 286 543 208 170 350 10 160 674 355 286 673 356 161 672 354 160 674 355 287 675 357 286 673 356 287 546 209 160 548 211 172 545 210 287 675 357 282 676 358 286 673 356 286 673 356 282 676 358 285 677 359 285 677 359 282 676 358 319 678 360 282 676 358 280 663 342 319 678 360 319 678 360 280 663 342 316 662 341 319 669 352 316 679 361 315 668 350</p>
                </polylist>
            </mesh>
        </geometry>
        <geometry id="ID22">
            <mesh>
                <source id="ID23">
                    <float_array id="ID24" count="2859">-183.135 54.7481 -523.539 -106.843 54.7846 -526.457 -183.135 56.3669 -523.539 -190.691 54.7388 -504.59 -190.691 56.3669 -504.59 -191.089 54.714 -453.995 -191.089 56.3669 -453.995 -170.344 54.7704 -439.54 -170.344 56.3669 -439.54 -39.7617 54.7857 -528.778 -9.55445 54.7864 -530.401 -39.7617 56.3857 -528.778 -9.55445 56.3861 -530.401 -1.08521 194.646 -514.879 0 185.861 -523.813 0 194.646 -514.879 -0.235277 185.861 -523.813 -2.18044 199.464 -484.879 0 199.464 -484.879 0 197.279 -454.88 -2.5546 191.273 -438.214 -2.15629 197.279 -454.88 0 191.273 -438.214 0 78.3664 -385.891 -3.17009 78.3664 -385.891 0 99.4751 -535.136 -6.34018 74.8328 -516.726 0 74.8328 -516.726 -1.8746 99.4751 -535.136 -31.1743 13.9869 217.516 -25.3789 2.98402 217.512 -31.1743 14.0181 128.424 -25.3789 3.01525 128.42 -36.0717 45.4098 194.182 -36.0908 46.2023 197.395 -36.0378 44.0047 195.888 -36.0379 44.0047 199.991 -36.0113 44.0047 219.416 -36.0908 46.1952 217.527 -35.7337 43.3357 226.013 -35.6275 43.0797 228.537 -35.619 46.1913 228.74 -35.4725 42.7063 232.22 -226.24 47.3047 -2.94791 -226.793 59.4961 -21.9671 -226.742 59.497 -22.6171 -228.639 59.4442 1.38857 -271.337 61.8715 -23.794 -7.97124 63.4609 256.76 -9.12009 72.3665 238.856 -3.48358 72.3651 242.951 -20.869 63.4642 247.39 -10.9616 46.1782 265.957 -25.7956 63.4695 232.227 -28.6979 46.1827 253.072 -35.4725 46.19 232.221 -27.74 13.9817 232.21 -35.4725 29.1577 232.215 -22.4421 13.976 248.515 -28.6979 29.1504 253.066 -8.57216 13.9724 258.592 -10.9616 29.1458 265.951 -23.5263 69.8863 195.25 -22.0744 72.0008 198.861 -26.4389 65.6421 194.951 -22.0744 71.9942 217.536 -27.9208 63.4746 217.533 -27.7616 63.4826 194.951 -29.9915 59.1031 194.951 -35.0462 48.4125 194.951 -11.2731 72.3689 232.23 0 74.1544 232.231 -11.2535 76.6345 217.538 0 76.6345 217.538 0 72.3651 242.951 0 69.6572 247.151 0 63.4609 256.76 0 56.1844 260.632 0 46.1782 265.957 0 29.1458 265.951 0 13.9724 258.592 0 6.15282 247.454 -11.2731 2.97887 232.206 -9.12009 2.9765 238.832 0 1.19338 232.205 -3.48358 2.97506 242.927 0 2.97506 242.927 -36.0908 46.2038 193.218 -36.0379 44.0047 217.526 -35.6275 40.5397 228.537 -35.6274 33.4237 228.537 -35.5243 29.159 228.537 -34.3971 25.3621 228.537 -28.5983 13.983 228.537 -27.1501 11.2339 228.537 -14.1399 2.97992 229.22 -11.2015 0.8999 230.154 -1.06013 -0.705782 230.154 0 -0.705782 230.154 -135.387 65.4233 63.6566 -146.085 68.2896 63.6576 -132.926 69.6908 53.9865 -127.557 57.5926 63.6538 -123.293 60.0579 53.9831 -119.767 46.899 53.9785 -124.691 46.8956 63.6501 -174.107 46.9082 27.8039 -170.353 60.9195 27.8088 -174.726 46.9044 38.6065 -170.889 61.2253 38.6115 -160.096 71.1764 27.8124 -146.015 71.1183 -41.6942 -146.085 51.5886 -110.501 -135.469 50.3822 -103.779 -156.7 50.3822 -103.779 -159.213 67.4937 -41.6955 -166.975 59.821 -41.6982 -192.791 43.3358 -1.40494 -172.412 58.9427 -7.57091 -170.914 46.9072 30.7029 -167.588 59.3217 30.7073 -162.344 70.9373 -7.56671 -158.499 68.4098 30.7105 -146.085 75.6418 -7.56506 -132.941 66.6306 -41.6958 -125.505 59.0776 -41.6985 -129.825 70.9373 -7.56671 -133.67 68.4098 30.7105 -146.085 71.7362 30.7116 -124.582 59.3218 30.7073 -119.757 58.9427 -7.57091 -99.3783 43.3351 0.510603 -121.256 46.9072 30.7029 -632.471 85.7736 -47.571 -632.471 81.954 -47.5723 -631.465 86.1603 -64.5379 -631.465 81.5791 -64.5395 -614.761 82.4419 -87.7788 -586.416 85.1736 -79.1509 -586.416 80.1772 -94.5594 -183.258 57.611 -82.5844 -183.258 44.9209 -158.972 -44.9362 42.766 -161.629 -33.6124 58.306 -83.3706 -36.6191 43.0447 -178.815 -183.258 56.39 -19.9744 -586.416 85.1594 -38.428 -624.557 82.4522 -40.2473 -586.416 79.8317 -30.8458 -270.784 61.4792 -22.3346 -226.2 58.8869 -21.1324 -183.258 42.7113 0.51085 -271.341 50.8214 -6.34 -36.0908 43.7562 0.0153405 -34.532 57.2569 -21.1232 -34.1984 60.1804 -32.6801 -272.997 40.4282 -10.2654 -227.269 36.0715 -7.11176 -226.687 36.4579 -19.2578 -229.503 35.7052 3.11935 -228.521 48.0216 4.46402 -271.05 39.3724 2.52098 -270.197 51.0318 4.26923 -273.076 41.8933 -20.9143 -269.684 62.0618 -1.53992 -167.316 40.4353 -60.2024 -172.103 32.2517 -7.57894 -164.472 31.6214 -60.2055 -162.094 22.9039 -7.58222 -167.588 34.4926 30.6999 -158.499 25.4046 30.6967 -146.085 19.1885 -7.58352 -146.085 22.0781 30.6956 -133.67 25.4046 30.6967 -130.076 22.9039 -7.58222 -124.582 34.4926 30.6999 -120.067 32.2517 -7.57894 -124.853 40.4353 -60.2024 -127.697 31.6214 -60.2055 -136.76 37.1774 -101.712 -135.317 41.6419 -104.476 -146.085 37.1794 -107.639 -146.085 33.0374 -101.585 -140.701 33.0353 -95.6571 -135.469 24.087 -60.2081 -146.085 20.4963 -60.5257 -156.7 24.087 -60.2081 -151.469 33.0353 -95.6571 -146.085 30.3824 -95.0108 -155.409 37.1774 -101.712 -156.852 41.6419 -104.476 -146.085 41.9676 -110.403 -183.258 30.3408 -19.2839 -35.6794 28.653 -16.4088 -226.2 35.6123 -20.5153 -272.569 41.3044 -21.8449 -586.416 75.2263 -38.43 -183.258 35.0444 -75.8758 -586.416 75.2405 -79.1531 -35.6794 34.4048 -83.3777 -146.085 25.506 51.4645 -156.782 28.3722 51.4655 -135.387 28.3722 51.4655 -127.557 36.203 51.4682 -164.612 36.203 51.4682 -124.691 46.8999 51.472 -167.479 46.8999 51.472 -127.557 57.5968 51.4757 -164.612 57.5968 51.4757 -135.387 65.4276 51.4785 -156.782 65.4276 51.4785 -146.085 68.2938 51.4795 -15.0649 43.376 -517.12 -3.96439 44.1865 -552.312 -6.24886 49.4629 -557.611 0 49.4629 -557.611 0 44.1865 -552.312 0 39.7488 -517.121 -6.15908 39.7488 -517.121 0 26.4443 -445.835 -7.76846 26.4443 -445.835 0 3.4443 -229.736 -22.1545 3.4443 -229.736 0 0.0627414 -178.959 -22.1545 0.0627414 -178.959 -22.1545 4.51487e-05 -0.128779 0 4.51487e-05 -0.128779 0 3.01525 128.42 0 -11.614 139.351 0 -17.7014 143.846 -10.5605 -17.7014 143.846 0 -17.7252 211.769 -10.5605 -17.7252 211.769 -35.6794 29.1629 217.521 -35.6794 29.1941 128.43 -31.1743 11.2441 -0.124837 -31.1743 11.2719 -79.429 -31.1743 11.3068 -178.955 -36.0908 46.2265 128.436 -35.1091 48.2809 190.947 -27.2927 63.5059 128.442 -22.0744 72.0255 128.445 -11.1297 77.8675 128.447 -22.0744 72.0705 -0.103511 -11.1297 77.9125 -0.101463 0 77.8675 128.447 0 77.9125 -0.101463 -11.1297 77.924 -32.8024 0 77.924 -32.8024 -11.1297 77.993 -229.71 0 77.993 -229.71 -5.48824 78.8486 -386.194 0 78.566 -334.514 0 78.8396 -386.194 -1.90464 78.2571 -445.817 0 75.3062 -517.029 -8.59233 75.3062 -517.029 -14.8386 71.2541 -445.819 -11.5743 68.5887 -517.111 -16.6719 56.5803 -517.115 -24.7323 51.1985 -445.826 -20.0436 34.0666 -445.832 -32.7542 14.6884 -229.732 -36.7897 44.1489 -229.722 -33.6124 56.4121 -178.939 -29.0176 61.6129 -83.4983 -22.0744 72.1332 -178.934 -22.0744 72.0998 -83.4946 -28.6243 64.4931 -32.8074 -29.936 64.4816 -0.106172 -22.0744 72.082 -32.8045 -22.0744 72.151 -229.712 -29.4321 58.15 -229.717 -14.6351 57.6817 -529.02 -4.64924 57.0477 -557.945 0 53.7395 -557.799 0 57.0477 -557.945 -9.55445 59.4986 -404.239 -106.843 56.3852 -526.457 -118.332 50.7248 -429.312 -9.55445 50.2141 -404.241 -14.2987 54.722 -398.841 -119.466 54.6997 -424.971 -118.616 57.5656 -428.225 -160.405 71.7089 38.6152 -159.243 69.6908 53.9865 -168.876 60.0579 53.9831 -172.402 46.899 53.9785 -168.876 33.7402 53.9739 -170.889 32.5835 38.6015 -170.353 32.8969 27.7989 -160.405 22.0999 38.5978 -160.096 22.64 27.7953 -146.085 18.2627 38.5965 -146.085 18.8857 27.794 -132.073 22.64 27.7953 -131.764 22.0999 38.5978 -117.443 46.9044 38.6065 -118.062 46.9082 27.8039 -121.817 32.8969 27.7989 -121.28 32.5835 38.6015 -123.293 33.7402 53.9739 -127.557 36.1987 63.6463 -156.782 65.4233 63.6566 -146.085 73.2167 53.9877 -146.085 75.5462 38.6166 -131.764 71.7089 38.6152 -121.28 61.2253 38.6115 -121.817 60.9195 27.8088 -132.073 71.1764 27.8124 -146.085 74.9307 27.8137 -164.612 57.5926 63.6538 -167.479 46.8956 63.6501 -164.612 36.1987 63.6463 -146.085 20.5814 53.9693 -135.387 28.368 63.6436 -132.926 24.1072 53.9705 -146.085 25.5017 63.6426 -156.782 28.368 63.6436 -159.243 24.1072 53.9705 -150.839 52.0134 79.8282 -158.295 46.8998 68.9845 -154.614 55.7879 68.9844 -145.726 31.4955 51.476 -145.726 34.3308 68.9847 -134.833 36.0077 51.4758 -145.726 39.6693 79.8282 -136.837 38.0127 68.9841 -130.321 46.9003 51.4756 -140.612 41.787 79.8287 -138.495 46.9005 79.8289 -133.156 46.8998 68.9845 -136.837 55.7879 68.9844 -134.833 57.7929 51.4754 -145.698 46.8729 85.7504 -140.612 52.0134 79.8282 -145.726 54.1311 79.8287 -145.726 59.4697 68.9846 -152.957 46.9005 79.8289 -154.614 38.0127 68.9841 -150.839 41.787 79.8287 -156.618 36.0077 51.4758 -161.13 46.9003 51.4756 -156.618 57.7929 51.4754 -145.726 62.3049 51.476 183.135 54.7481 -523.539 183.135 56.3669 -523.539 106.843 54.7846 -526.457 190.691 54.7388 -504.59 190.691 56.3669 -504.59 191.089 54.714 -453.995 191.089 56.3669 -453.995 170.344 54.7704 -439.54 170.344 56.3669 -439.54 39.7617 54.7857 -528.778 39.7617 56.3857 -528.778 9.55445 54.7864 -530.401 9.55445 56.3861 -530.401 1.14249 194.646 -514.879 0.21636 185.861 -523.813 2.19279 199.464 -484.879 2.06671 197.279 -454.88 2.53671 191.273 -438.214 3.17009 78.3664 -385.891 6.34018 74.8328 -516.726 1.91362 99.4751 -535.136 31.1743 13.9869 217.516 31.1743 14.0181 128.424 25.3789 2.98402 217.512 25.3789 3.01525 128.42 36.0717 45.4098 194.182 36.0378 44.0047 195.888 36.0908 46.2023 197.395 36.0379 44.0047 199.991 36.0113 44.0047 219.416 35.7337 43.3357 226.013 36.0908 46.1952 217.527 35.6275 43.0797 228.537 35.619 46.1913 228.74 35.4725 42.7063 232.22 226.24 47.3047 -2.94791 226.742 59.497 -22.6171 226.793 59.4961 -21.9671 228.639 59.4442 1.38857 271.337 61.8715 -23.794 7.97124 63.4609 256.76 3.48358 72.3651 242.951 9.12009 72.3665 238.856 20.869 63.4642 247.39 10.9616 46.1782 265.957 25.7956 63.4695 232.227 35.4725 46.19 232.221 28.6979 46.1827 253.072 27.74 13.9817 232.21 22.4421 13.976 248.515 35.4725 29.1577 232.215 28.6979 29.1504 253.066 8.57216 13.9724 258.592 10.9616 29.1458 265.951 23.5263 69.8863 195.25 26.4389 65.6421 194.951 22.0744 72.0008 198.861 22.0744 71.9942 217.536 27.9208 63.4746 217.533 27.7616 63.4826 194.951 29.9915 59.1031 194.951 35.0462 48.4125 194.951 11.2731 72.3689 232.23 11.2535 76.6345 217.538 11.2731 2.97887 232.206 9.12009 2.9765 238.832 3.48358 2.97506 242.927 36.0908 46.2038 193.218 36.0379 44.0047 217.526 35.6275 40.5397 228.537 35.6274 33.4237 228.537 35.5243 29.159 228.537 34.3971 25.3621 228.537 28.5983 13.983 228.537 27.1501 11.2339 228.537 14.1399 2.97992 229.22 11.2015 0.8999 230.154 1.06013 -0.705782 230.154 135.387 65.4233 63.6566 132.926 69.6908 53.9865 146.085 68.2896 63.6576 127.557 57.5926 63.6538 123.293 60.0579 53.9831 119.767 46.899 53.9785 124.691 46.8956 63.6501 174.107 46.9082 27.8039 174.726 46.9044 38.6065 170.353 60.9195 27.8088 170.889 61.2253 38.6115 160.096 71.1764 27.8124 146.015 71.1183 -41.6942 135.469 50.3822 -103.779 146.085 51.5886 -110.501 156.7 50.3822 -103.779 159.213 67.4937 -41.6955 166.975 59.821 -41.6982 192.791 43.3358 -1.40494 172.412 58.9427 -7.57091 170.914 46.9072 30.7029 167.588 59.3217 30.7073 162.344 70.9373 -7.56671 158.499 68.4098 30.7105 146.085 75.6418 -7.56506 132.941 66.6306 -41.6958 125.505 59.0776 -41.6985 129.825 70.9373 -7.56671 133.67 68.4098 30.7105 146.085 71.7362 30.7116 124.582 59.3218 30.7073 119.757 58.9427 -7.57091 99.3783 43.3351 0.510603 121.256 46.9072 30.7029 632.471 85.7736 -47.571 631.465 86.1603 -64.5379 632.471 81.954 -47.5723 631.465 81.5791 -64.5395 614.761 82.4419 -87.7788 586.416 85.1736 -79.1509 586.416 80.1772 -94.5594 183.258 57.611 -82.5844 183.258 44.9209 -158.972 44.9362 42.766 -161.629 33.6124 58.306 -83.3706 36.6191 43.0447 -178.815 183.258 56.39 -19.9744 586.416 85.1594 -38.428 624.557 82.4522 -40.2473 586.416 79.8317 -30.8458 270.784 61.4792 -22.3346 226.2 58.8869 -21.1324 183.258 42.7113 0.51085 271.341 50.8214 -6.34 36.0908 43.7562 0.0153405 34.532 57.2569 -21.1232 34.1984 60.1804 -32.6801 272.997 40.4282 -10.2654 226.687 36.4579 -19.2578 227.269 36.0715 -7.11176 229.503 35.7052 3.11935 228.521 48.0216 4.46402 271.05 39.3724 2.52098 270.197 51.0318 4.26923 273.076 41.8933 -20.9143 269.684 62.0618 -1.53992 167.316 40.4353 -60.2024 164.472 31.6214 -60.2055 172.103 32.2517 -7.57894 162.094 22.9039 -7.58222 167.588 34.4926 30.6999 158.499 25.4046 30.6967 146.085 19.1885 -7.58352 146.085 22.0781 30.6956 133.67 25.4046 30.6967 130.076 22.9039 -7.58222 124.582 34.4926 30.6999 120.067 32.2517 -7.57894 124.853 40.4353 -60.2024 127.697 31.6214 -60.2055 136.76 37.1774 -101.712 135.317 41.6419 -104.476 146.085 37.1794 -107.639 146.085 33.0374 -101.585 140.701 33.0353 -95.6571 135.469 24.087 -60.2081 146.085 20.4963 -60.5257 156.7 24.087 -60.2081 151.469 33.0353 -95.6571 146.085 30.3824 -95.0108 155.409 37.1774 -101.712 156.852 41.6419 -104.476 146.085 41.9676 -110.403 183.258 30.3408 -19.2839 35.6794 28.653 -16.4088 226.2 35.6123 -20.5153 272.569 41.3044 -21.8449 586.416 75.2263 -38.43 183.258 35.0444 -75.8758 586.416 75.2405 -79.1531 35.6794 34.4048 -83.3777 146.085 25.506 51.4645 135.387 28.3722 51.4655 156.782 28.3722 51.4655 127.557 36.203 51.4682 164.612 36.203 51.4682 124.691 46.8999 51.472 167.479 46.8999 51.472 127.557 57.5968 51.4757 164.612 57.5968 51.4757 135.387 65.4276 51.4785 156.782 65.4276 51.4785 146.085 68.2938 51.4795 15.0649 43.376 -517.12 6.24886 49.4629 -557.611 3.96439 44.1865 -552.312 6.15908 39.7488 -517.121 7.76846 26.4443 -445.835 22.1545 3.4443 -229.736 22.1545 0.0627414 -178.959 22.1545 4.51487e-05 -0.128779 10.5605 -17.7014 143.846 10.5605 -17.7252 211.769 35.6794 29.1629 217.521 35.6794 29.1941 128.43 31.1743 11.2441 -0.124837 31.1743 11.2719 -79.429 31.1743 11.3068 -178.955 36.0908 46.2265 128.436 35.1091 48.2809 190.947 27.2927 63.5059 128.442 22.0744 72.0255 128.445 11.1297 77.8675 128.447 22.0744 72.0705 -0.103511 11.1297 77.9125 -0.101463 11.1297 77.924 -32.8024 11.1297 77.993 -229.71 5.48824 78.8486 -386.194 1.90464 78.2571 -445.817 8.59233 75.3062 -517.029 14.8386 71.2541 -445.819 11.5743 68.5887 -517.111 16.6719 56.5803 -517.115 24.7323 51.1985 -445.826 20.0436 34.0666 -445.832 32.7542 14.6884 -229.732 36.7897 44.1489 -229.722 33.6124 56.4121 -178.939 29.0176 61.6129 -83.4983 22.0744 72.1332 -178.934 22.0744 72.0998 -83.4946 28.6243 64.4931 -32.8074 29.936 64.4816 -0.106172 22.0744 72.082 -32.8045 22.0744 72.151 -229.712 29.4321 58.15 -229.717 14.6351 57.6817 -529.02 4.64924 57.0477 -557.945 9.55445 59.4986 -404.239 106.843 56.3852 -526.457 118.332 50.7248 -429.312 9.55445 50.2141 -404.241 14.2987 54.722 -398.841 119.466 54.6997 -424.971 118.616 57.5656 -428.225 160.405 71.7089 38.6152 159.243 69.6908 53.9865 168.876 60.0579 53.9831 172.402 46.899 53.9785 168.876 33.7402 53.9739 170.889 32.5835 38.6015 170.353 32.8969 27.7989 160.405 22.0999 38.5978 160.096 22.64 27.7953 146.085 18.2627 38.5965 146.085 18.8857 27.794 132.073 22.64 27.7953 131.764 22.0999 38.5978 117.443 46.9044 38.6065 121.817 32.8969 27.7989 118.062 46.9082 27.8039 121.28 32.5835 38.6015 123.293 33.7402 53.9739 127.557 36.1987 63.6463 156.782 65.4233 63.6566 146.085 73.2167 53.9877 146.085 75.5462 38.6166 131.764 71.7089 38.6152 121.28 61.2253 38.6115 121.817 60.9195 27.8088 132.073 71.1764 27.8124 146.085 74.9307 27.8137 164.612 57.5926 63.6538 167.479 46.8956 63.6501 164.612 36.1987 63.6463 146.085 20.5814 53.9693 132.926 24.1072 53.9705 135.387 28.368 63.6436 146.085 25.5017 63.6426 156.782 28.368 63.6436 159.243 24.1072 53.9705 150.839 52.0134 79.8282 154.614 55.7879 68.9844 158.295 46.8998 68.9845 145.726 31.4955 51.476 134.833 36.0077 51.4758 145.726 34.3308 68.9847 136.837 38.0127 68.9841 145.726 39.6693 79.8282 130.321 46.9003 51.4756 140.612 41.787 79.8287 133.156 46.8998 68.9845 138.495 46.9005 79.8289 136.837 55.7879 68.9844 134.833 57.7929 51.4754 145.698 46.8729 85.7504 140.612 52.0134 79.8282 145.726 54.1311 79.8287 145.726 59.4697 68.9846 152.957 46.9005 79.8289 154.614 38.0127 68.9841 150.839 41.787 79.8287 156.618 36.0077 51.4758 161.13 46.9003 51.4756 156.618 57.7929 51.4754 145.726 62.3049 51.476 -31.0116 64.2447 184.733 -27.2978 64.2447 175.766 -30.6728 74.9767 184.733 -27.0582 74.9767 176.006 -18.3318 64.2447 172.053 -18.3318 75.5217 172.409 -9.36587 64.2447 175.766 -9.6395 76.5057 176.04 -27.2978 56.6107 175.766 -31.0116 56.6107 184.733 -27.2978 56.6107 193.698 -27.2978 64.2447 193.698 -18.3318 64.2447 197.412 -18.3318 75.2717 197.064 -27.0582 74.9767 193.459 -9.61197 75.2717 193.453 -9.36587 64.2447 193.698 -15.0319 82.1077 48.2083 -14.3075 86.0237 39.5045 -12.3872 86.0237 46.6715 -1.61204e-12 87.6057 39.5297 -12.3872 86.0237 32.3375 -15.6136 78.6427 30.5153 -8.6786 82.1077 24.4978 -15.0319 82.1077 30.8511 -7.14045 86.0237 27.0911 -1.58984e-12 86.0237 25.1775 -1.5854e-12 82.1077 22.1725 7.14045 86.0237 27.0911 12.3872 86.0237 32.3375 15.0319 82.1077 48.2083 14.3075 86.0237 39.5045 17.3572 82.1077 39.5297 12.3872 86.0237 46.6715 7.14045 86.0237 51.918 -1.63425e-12 85.5967 53.3667 -7.14045 86.0237 51.918 -5.65996 85.1717 52.7509 -2.0113 85.1717 53.7555 -8.6786 82.1077 54.5616 -5.67041 82.0577 55.6342 -9.01438 78.6427 55.1432 -17.7283 78.6427 49.7654 -15.6136 78.6427 48.5443 -20.4711 78.6427 39.5297 -18.029 78.6427 39.5297 -17.3572 82.1077 39.5297 -17.7283 78.6427 29.2943 -20.4711 71.3117 39.5297 -17.7283 71.3117 29.2943 -10.2354 71.3117 21.8014 -10.2354 78.6427 21.8014 -1.58096e-12 71.3117 19.0589 -1.58096e-12 78.6427 19.0589 10.2354 71.3117 21.8014 10.2354 78.6427 21.8014 17.7283 78.6427 29.2943 -1.5854e-12 78.6427 21.5006 9.01438 78.6427 23.9161 -9.01438 78.6427 23.9161 8.6786 82.1077 24.4978 15.6136 78.6427 30.5153 20.4711 78.6427 39.5297 18.029 78.6427 39.5297 17.7283 78.6427 49.7654 15.6136 78.6427 48.5443 9.01438 78.6427 55.1432 5.67239 80.0587 56.1325 8.6786 82.1077 54.5616 5.67041 82.0577 55.6342 5.65996 85.1717 52.7509 2.0113 85.1717 53.7555 -1.63869e-12 82.1077 56.8869 -2.0113 82.0577 56.5347 -2.0113 80.0587 57.1294 -1.63869e-12 78.6427 57.5587 2.0113 80.0587 57.1294 2.0113 82.0577 56.5347 10.2354 78.6427 57.2583 -1.64313e-12 78.6427 60.0008 -1.64313e-12 71.3117 60.0008 -10.2354 71.3117 57.2583 -10.2354 78.6427 57.2583 -17.7283 71.3117 49.7654 -5.67239 80.0587 56.1325 10.2354 71.3117 57.2583 17.7283 71.3117 49.7654 20.4711 71.3117 39.5297 17.7283 71.3117 29.2943 -20.4711 71.3117 -172.816 -17.7283 71.3117 -183.051 -20.4711 78.6427 -172.816 -17.7283 78.6427 -183.051 20.4711 71.3117 -172.816 20.4711 78.6427 -172.816 17.7283 71.3117 -183.051 17.7283 78.6427 -183.051 -2.19713 -10.6543 242.472 1.884e-05 -11.9853 242.013 2.31255e-05 -12.7693 241.743 1.71662 -10.6543 242.472 2.19674 -10.6543 242.472 -1.2676e-12 -8.5393 243.2 -1.71699 -10.6543 242.472 4.28753e-06 -9.3233 242.93 -12.7173 46.4927 282.629 -10.5201 45.0847 282.629 -10.5201 44.2557 282.629 -8.80353 46.4927 282.629 -8.32341 46.4927 282.629 -10.5201 48.7297 282.629 -12.2371 46.4927 282.629 -10.5201 47.8997 282.629 -5.35859 82.6817 68.3834 -3.83881 81.7077 68.3834 -3.83881 81.1347 68.3834 -2.65143 82.6817 68.3834 -2.31933 82.6817 68.3834 -3.83882 84.2287 68.3834 -5.02647 82.6817 68.3834 -3.83882 83.6557 68.3834 3.83881 81.1347 68.3834 3.83881 81.7077 68.3834 5.35859 82.6817 68.3834 5.02647 82.6817 68.3834 3.83882 84.2287 68.3834 3.83882 83.6557 68.3834 2.65143 82.6817 68.3834 2.31933 82.6817 68.3834 2.31255e-05 58.5947 -574.193 1.884e-05 59.4237 -574.193 -2.19713 60.8307 -574.193 -1.71699 60.8307 -574.193 -1.46771e-12 63.0687 -574.193 4.28753e-06 62.2387 -574.193 1.71662 60.8307 -574.193 2.19674 60.8307 -574.193 2.19904 83.3427 -202.936 0.001891 81.9347 -202.936 0.00188672 81.1057 -202.936 -1.71471 83.3427 -202.936 -2.19483 83.3427 -202.936 0.00190984 85.5797 -202.936 1.7189 83.3427 -202.936 0.00190555 84.7497 -202.936 2.31255e-05 -12.7713 118.212 1.884e-05 -11.9873 117.942 -2.19713 -10.6563 117.483 -1.71699 -10.6563 117.483 -1.26593e-12 -8.5413 116.755 4.28753e-06 -9.3253 117.025 1.71662 -10.6563 117.483 2.19674 -10.6563 117.483 2.19715 -4.3313 224.106 2.31255e-05 -6.4463 223.378 -2.19713 -4.3313 224.106 -1.27093e-12 -2.2153 224.835 -1.71699 -15.5943 256.816 1.884e-05 -16.9253 256.358 4.28753e-06 -14.2633 257.275 1.71662 -15.5943 256.816 -8.32299 46.4927 263.205 -10.5201 44.2557 263.205 -12.7173 46.4927 263.205 -10.5201 48.7297 263.205 -12.2371 46.4927 297.8 -10.5201 45.0847 297.8 -10.5201 47.8997 297.8 -8.80353 46.4927 297.8 -2.31904 82.6817 49.9787 -3.83881 81.1347 49.9787 -5.35859 82.6817 49.9787 -3.83882 84.2287 49.9787 -5.02647 82.6817 82.7589 -3.83881 81.7077 82.7589 -3.83882 83.6557 82.7589 -2.65143 82.6817 82.7589 2.31904 82.6817 49.9787 3.83882 84.2287 49.9787 5.35859 82.6817 49.9787 3.83881 81.1347 49.9787 3.83881 81.7077 82.7589 2.65143 82.6817 82.7589 3.83882 83.6557 82.7589 5.02647 82.6817 82.7589 -2.0113 85.1717 50.8583 -5.65996 85.1717 50.8578 -5.67239 80.0587 50.8595 -5.67041 82.0577 50.8592 2.0113 80.0587 50.86 5.67239 80.0587 50.8595 2.0113 85.1717 50.8583 5.67041 82.0577 50.8592 5.65996 85.1717 50.8578 -2.0113 80.0587 50.86 2.19715 60.8307 -547.776 -1.47132e-12 63.0687 -547.776 -2.19713 60.8307 -547.776 2.31255e-05 58.5947 -547.776 1.884e-05 59.4237 -594.826 1.71662 60.8307 -594.826 4.28753e-06 62.2387 -594.826 -1.71699 60.8307 -594.826 -2.19524 83.3427 -183.513 0.00188672 81.1057 -183.513 2.19904 83.3427 -183.513 0.00190984 85.5797 -183.513 1.7189 83.3427 -218.108 0.001891 81.9347 -218.108 0.00190555 84.7497 -218.108 -1.71471 83.3427 -218.108 2.19715 -4.3323 135.849 -1.27398e-12 -2.2173 135.12 -2.19713 -4.3323 135.849 2.31255e-05 -6.4473 136.577 1.884e-05 -16.9263 103.597 1.71662 -15.5953 103.139 4.28753e-06 -14.2643 102.68 -1.71699 -15.5953 103.139 15.0319 82.1077 30.8511 10.1578 68.7957 -528.566 6.17649 74.7687 -528.439 -1.46105e-12 74.7687 -528.439 4.46691 73.0937 -545.366 6.59339 66.3097 -553.691 -1.46105e-12 66.3097 -553.691 -1.46105e-12 73.0937 -545.366 -10.1578 68.7957 -528.566 -6.17649 74.7687 -528.439 -4.46691 73.0937 -545.366 -6.59339 66.3097 -553.691 9.57121 89.8687 -169.706 5.29066e-06 92.3217 -172.816 9.57121 89.8687 -175.926 5.91533 89.8687 -180.958 1.10841e-06 89.8687 -182.88 -5.91532 89.8687 -180.958 -9.83867 83.4747 -186.358 -2.32522e-06 83.4747 -189.554 9.83867 83.4747 -186.358 15.9193 83.4747 -177.988 15.9193 83.4747 -167.643 5.91534 89.8687 -164.675 9.83867 83.4747 -159.274 1.03722e-05 89.8687 -162.752 -5.91532 89.8687 -164.675 -9.57121 89.8687 -169.706 -9.57121 89.8687 -175.926 -15.9193 83.4747 -177.988 -15.9193 83.4747 -167.643 -17.4033 78.5577 -178.477 -17.4068 78.5577 -167.166 -9.83867 83.4747 -159.275 -10.7616 78.5577 -158.014 1.3548e-05 83.4747 -156.078 1.08098e-05 78.5577 -154.515 10.7616 78.5577 -158.014 17.4068 78.5577 -167.166 17.4033 78.5577 -178.477 10.7523 78.5577 -187.625 -5.29066e-06 78.5577 -191.117 -10.7523 78.5577 -187.625 -10.2354 71.3117 -190.544 -10.2354 78.6427 -190.544 10.2354 78.6427 -190.544 -17.7283 78.6427 -162.58 17.7283 78.6427 -162.58 -10.2354 78.6427 -155.087 10.2354 78.6427 -155.087 -1.38112e-12 78.6427 -152.345 -1.22125e-12 78.6427 -193.287 -1.38112e-12 71.3117 -152.345 -10.2354 71.3117 -155.087 -17.7283 71.3117 -162.58 10.2354 71.3117 -155.087 17.7283 71.3117 -162.58 10.2354 71.3117 -190.544 -1.22125e-12 71.3117 -193.287 -13.3595 85.5117 189.705 -11.2999 85.5117 184.733 -10.6805 83.2157 192.384 -7.51116 83.2157 184.733 -6.17831 80.9177 184.733 -9.73799 80.9177 193.327 -18.3318 80.9177 196.886 -18.3318 83.2157 195.553 -18.3318 85.5117 191.765 -18.3318 87.0617 184.733 -13.3595 85.5117 179.761 -10.6805 83.2157 177.081 -9.73799 80.9177 176.139 -5.65205 64.2447 184.733 -26.9256 80.9177 193.327 -30.4853 80.9177 184.733 -25.9831 83.2157 192.384 -29.1524 83.2157 184.733 -25.3637 85.5117 184.733 -23.3041 85.5117 189.705 -23.3041 85.5117 179.761 -18.3318 85.5117 177.701 -18.3318 83.2157 173.912 -25.9831 83.2157 177.081 -18.3318 80.9177 172.579 -26.9256 80.9177 176.139</float_array>
                    <technique_common>
                        <accessor count="953" source="#ID24" stride="3">
                            <param name="X" type="float"/>
                            <param name="Y" type="float"/>
                            <param name="Z" type="float"/>
                        </accessor>
                    </technique_common>
                </source>
                <source id="ID25">
                    <float_array id="ID26" count="3510">-0.0382194 0 -0.999269 -0.0370063 0 -0.999315 -0.928875 0 -0.370393 -0.967355 0 -0.253423 -0.991421 0 -0.130706 -0.999969 0 -0.00786635 -0.571695 0 0.820466 -0.571695 0 0.820466 -0.409155 -0.414024 0.813127 -0.32409 0.550333 0.76948 -0.0409385 0 -0.999162 -0.053651 0 -0.99856 -0.0472958 0 -0.998881 -0.053651 0 -0.99856 0 0.839692 -0.543063 0 0.4458 -0.895132 0 0.935137 -0.354287 0 0.4458 -0.895132 0 0.996633 -0.0819871 0 0.99999 -0.00445381 0 0.967643 0.252323 0 0.737548 0.675294 0 0.986661 0.162786 0 0.737548 0.675294 0 0.420464 0.907309 0 -0.380455 -0.9248 0 -0.598506 -0.801118 0 -0.12072 -0.992687 -0.918091 -0.386104 0.0896305 -0.79057 -0.573016 0.215991 -0.918559 -0.395271 0.00316883 -0.746585 -0.665271 0.00501387 -0.99971 -0.0240972 -1.05167e-05 -0.988837 0.149 5.41525e-05 -0.999709 -0.0241064 -1.3948e-05 -0.999709 -0.0241094 -1.13584e-05 -0.999597 -0.0161073 0.0233911 -0.987175 0.157997 0.0228783 -0.999116 -1.00023e-05 0.0420367 -0.999116 -1.22499e-05 0.0420457 -0.983711 0.174913 0.0414591 -0.999116 -1.38689e-05 0.042047 0.985798 0.00646401 0.16781 0.983088 0.16583 0.0777139 0.983206 0.165291 0.0773652 0.974859 0.12733 0.182859 0.053006 0.998576 0.00597511 0.0568693 0.998382 -0.000459966 0.0530238 0.998578 0.00554297 0.058791 0.998264 -0.00346162 -0.204299 0.695019 0.689355 -0.288633 0.92353 0.252554 -0.0709595 0.912064 0.403861 -0.570324 0.695116 0.437658 -0.340638 0.289122 0.894636 -0.749979 0.622808 0.222805 -0.803899 0.303248 0.511651 -0.952385 0.238825 0.189537 -0.747261 -0.614326 0.253387 -0.965874 -0.209608 0.152154 -0.613405 -0.666657 0.423441 -0.766647 -0.201158 0.609743 -0.247229 -0.666749 0.703082 -0.199148 -0.233639 0.95171 1 -0 0 -0.824529 0.56582 0.000197105 -0.705806 0.708405 0.000248851 -0.838919 0.544249 -0.00281609 -0.607474 0.7801 0.149734 -0.868421 0.49463 0.0344461 -0.872603 0.488394 -0.00597979 -0.89929 0.437348 -0.0022014 -0.904041 0.427446 0.000153536 -0.375398 0.901794 0.214113 0 0.987195 0.15952 -0.262407 0.959084 0.1063 0 0.997893 0.0648751 0 0.932679 0.360708 0 0.840439 0.541907 0 0.737962 0.674842 0 0.469772 0.882788 0 0.160607 0.987018 0 -0.224043 0.974579 0 -0.580191 0.81448 0 -0.818458 0.574566 -0.41908 -0.800254 0.428912 -0.347799 -0.914427 0.207027 1.31955e-09 -0.902043 0.431647 -0.132924 -0.902915 0.408748 0 -0.925534 0.378664 -0.978284 0.207269 7.07886e-05 -0.999693 -0.0241315 0.00562584 -0.999116 -6.96279e-06 0.0420316 0 0 1 -0.999477 -0.0096746 0.0308531 -0.991494 -0.129409 0.0139104 -0.923458 -0.367743 0.1095 -0.869391 -0.45049 0.203023 -0.704374 -0.617968 0.349246 -0.552206 -0.64364 0.529902 -0.312012 -0.672822 0.670789 -0.0444113 -0.721528 0.690959 0 -0.73379 0.679377 0.445601 0.771616 0.453925 0.0793366 0.888199 0.452557 0.438963 0.83652 0.327941 0.771779 0.445415 0.453831 0.804717 0.526223 0.274809 0.94861 0.0846133 0.304924 0.888347 -0.0795061 0.452236 -0.994417 -0.0887911 -0.0570112 -0.905604 0.420299 -0.0568335 -0.998922 0.000381687 0.0464256 -0.864889 0.499795 0.0466066 -0.499181 0.864627 -0.0569083 0.0206688 0.973987 -0.225659 0.00013537 0.962 -0.273048 0.519142 0.820189 -0.240379 -0.507426 0.824405 -0.250749 -0.449371 0.875123 -0.179517 -0.705029 0.692688 -0.152044 -0.650968 0.759057 -0.00858591 -0.757648 0.649717 0.0619492 -0.797223 0.566254 0.209266 -0.829512 0.547302 0.111222 -0.603119 0.797575 -0.0110578 -0.424459 0.899336 0.10502 0.00766837 0.999804 -0.0182671 0.475735 0.860718 -0.181218 0.706181 0.689762 -0.159803 0.604896 0.79601 -0.0216531 0.424462 0.899334 0.105021 -1.02399e-05 0.994835 0.101509 0.82952 0.547287 0.111236 0.757144 0.651068 0.0533187 0.642358 0.766306 -0.012264 0.790691 0.574479 0.211617 -0.927768 -0.000127049 0.373158 -0.974547 -7.61638e-05 0.224183 -0.970151 8.42526e-05 -0.242502 -0.942348 0.000116474 -0.334635 -0.812006 0.000203146 -0.583649 -0.00257748 0.99854 -0.0539477 -0.0181395 0.968809 -0.247144 0.0235125 0.986545 -0.161793 0.0416106 0.964521 -0.260705 0.0419649 0.994393 -0.0970685 0.0361082 0.985837 -0.163775 -0.105794 0.980108 -0.167918 -0.397852 0.915148 -0.0649493 -0.320148 0.937005 -0.139739 0.0122187 0.947046 0.320864 0.0494247 0.928602 0.367772 0.00826031 0.955718 0.294169 -0.0393051 0.964063 0.26275 -0.0851667 0.84358 0.530208 -0.679261 -0.000249875 0.733897 -0.0066005 0.822724 0.568403 0.032718 0.824601 0.564768 0.0327237 0.824669 0.564669 0.0240164 0.8314 0.555155 0.0333627 0.831177 0.555006 -0.0023952 0.837263 0.546796 -0.54435 0.803518 0.24092 -0.386688 0.919861 0.0657865 -0.0976998 -0.992014 -0.0797662 -0.0897682 -0.994551 -0.0530178 -0.101572 -0.991149 -0.0854774 0.982749 -0.136342 0.124961 0.993238 -0.107359 0.0441775 0.957561 -0.136615 0.253797 0.955409 -0.0109491 0.295082 -0.0884839 -0.994178 -0.0614812 -0.0870127 -0.994709 -0.0546126 -0.989555 0.0995056 0.104309 -0.988278 0.0769343 0.131862 -0.990768 0.104765 0.0860349 -0.991298 0.0789652 0.105327 -0.992192 0.110638 0.0575637 -0.99579 0.0895174 0.0197015 -0.110569 -0.984704 -0.134658 -0.00955959 0.365893 0.930608 -0.0083793 0.00213192 0.999963 -0.011822 0.200162 0.979691 -0.0194947 -0.126932 0.99172 -0.0237281 -0.106632 0.994015 -0.0332689 0.466944 0.883661 0.0645862 0.997823 -0.01333 -0.990178 0.108109 0.0886548 -0.849465 -0.487657 -0.201493 -0.74175 -0.669777 0.0347279 -0.766664 -0.615866 -0.181482 -0.553949 -0.832382 0.016732 -0.804965 -0.580063 0.124732 -0.40845 -0.908061 0.0927034 -6.21181e-06 -0.999734 0.023054 -1.02723e-05 -0.997163 0.0752735 0.40846 -0.908057 0.0926964 0.553957 -0.832377 0.0167333 0.693998 -0.675942 0.247929 0.681962 -0.73048 -0.0364274 0.654121 -0.730902 0.194703 0.77994 -0.209097 0.589892 0.851169 -0.484834 -0.201116 0.766656 -0.615877 -0.181477 0.622581 -0.670857 -0.402918 0.615006 -0.511036 -0.600508 -1.84615e-05 -0.667409 -0.744692 -1.1547e-05 -0.898215 -0.439557 0.4739 -0.829322 -0.296046 0.450202 -0.877291 -0.166372 -1.46759e-05 -0.988463 -0.151464 -0.450211 -0.877286 -0.166369 -0.473922 -0.829309 -0.296047 -5.67016e-06 -0.948057 -0.318101 -0.622605 -0.670836 -0.402916 -0.615025 -0.511031 -0.600493 -1.77907e-05 -0.499936 -0.866062 -0.734869 -0.625447 0.262265 -0.450428 -0.888653 0.0860812 -0.057122 -0.951118 0.303499 -0.00692647 -0.795561 0.605833 -0.0171106 -0.94633 0.32275 -0.0765071 -0.845536 0.528408 -0.118458 -0.84205 0.526232 -0.118459 -0.842049 0.526234 -0.118713 -0.845395 0.520783 -0.140376 -0.844074 0.517526 -0.143036 -0.963694 0.225467 -0.0706494 -0.990486 -0.118092 -0.135483 -0.97815 -0.157696 -0.160271 -0.985595 -0.0539954 -0.170871 -0.974798 0.143432 -0.18917 -0.899406 0.39406 -0.170316 -0.956082 -0.238536 -0.115378 -0.963377 -0.242058 -0.0443444 -0.992571 -0.113299 -0.0389216 -0.994638 -0.0958161 -0.0830502 -0.991895 -0.0961601 -0.148245 -0.985053 -0.0877168 0.0531226 0.616884 0.785259 0 -0.000348702 1 0 -0.000346164 1 0 -0.000346799 1 0 -0.000348327 1 0 -0.000351759 1 0 -0.0003521 1 0 -0.000349009 1 0 -0.000349799 1 0 -0.00035368 1 0 -0.000354608 1 0 -0.000353132 1 0 -0.000348702 1 -0.852718 -0.488314 -0.185528 -0.2096 -0.901845 -0.377814 -0.682 -0.340604 -0.647198 0 -0.403878 -0.914813 0 -0.898546 -0.438879 0 -0.989487 -0.14462 -0.21667 -0.962779 -0.161589 0 -0.987487 -0.157698 -0.216623 -0.965759 -0.14277 0 -0.995692 -0.0927224 -0.425917 -0.901018 -0.0822305 0 -0.999442 -0.0334181 -0.516745 -0.855801 -0.0240484 -0.369944 -0.929032 0.00646108 0 -0.999933 0.0115502 0 -0.999725 0.0234493 0 -0.596293 -0.802767 0 -0.598564 -0.801075 0.00135899 -0.596606 -0.802533 0 -0.806414 -0.591352 0 -0.955404 -0.295302 0 -0.931148 0.364642 -0.476552 -0.77716 0.411 -0.990549 -0.136934 0.0078993 -0.99315 -0.116841 0.000674347 -0.918774 -0.39478 -0.00164431 -0.885369 -0.464889 -0.000162993 -0.904755 -0.425842 -0.00883452 -0.978584 -0.20572 -0.00725418 -0.982941 -0.18377 -0.00745446 -0.991026 0.130942 0.0268454 -0.956441 0.29192 0.00159492 -0.904041 0.427445 0.000151403 -0.85161 0.52417 0.00255507 -0.694467 0.719524 0.001027 -0.242702 0.970076 0.00690644 -0.642509 0.766277 -0.000949065 -0.242702 0.970101 0.000340392 0 0.999988 0.00484629 0 1 0.000351235 -0.193919 0.981017 0.000344589 0 1 0.000350863 -0.242699 0.970101 -0.00092176 0 0.999993 0.00376178 -0.21528 0.9765 -0.0101436 0 0.999986 0.00538066 0 0.999952 -0.00982269 -0.226109 0.973771 -0.0254021 0 0.999157 -0.0410499 -0.589972 0.803096 -0.083488 -0.798792 0.600328 -0.0392199 -0.915243 0.392888 -0.0892684 -0.972585 0.2034 -0.112721 -0.981776 0.177216 -0.0686318 -0.782747 -0.610612 -0.120247 -0.924778 -0.378693 -0.0371272 -0.999968 -0.00712259 0.00363418 -0.99351 0.107352 -0.037607 -0.869234 0.49409 -0.017536 -0.719296 0.69445 -0.0187781 -0.893147 0.449761 0.00180667 -0.80964 0.586869 -0.00817115 -0.728639 0.684851 0.00807988 -0.852278 0.522875 0.0149359 -0.574909 0.818217 0.000287309 -0.783577 0.62082 -0.0242911 -1 0 -0 -0.884288 0.464716 -0.0455306 -0.96588 0.145266 -0.214414 -0.942698 0.0667026 -0.326912 2.5444e-05 0.144436 -0.989514 0 -0.0440018 -0.999031 0 0.192028 -0.981389 -0.813275 -0.581879 -0.000203888 -0.998649 0.042683 -0.0296262 -0.995264 0.097076 0.00509093 -0.981274 0.191717 0.018598 -0.999878 0.00721928 -0.0138527 -0.999945 0.00478456 -0.00934042 -0.999792 0.00664052 -0.0192959 -0.996088 0.0262237 -0.0843868 -0.990941 0.0357723 -0.129449 -0.0235286 0.999543 0.0189982 -0.0156855 0.999873 -0.00289073 -0.0288461 0.996764 0.0750353 -0.00766908 0.999857 -0.0150884 -0.00102136 0.999696 -0.0246534 -0.00110157 0.999694 -0.0247205 -0.00133837 0.999695 -0.0246631 -0.00184938 -0.999105 -0.0422514 -0.0715291 -0.97877 0.192076 0.000695574 -0.999223 -0.0393988 -0.0686282 -0.958055 0.278247 -0.146917 -0.783076 0.604324 -0.25683 0.00699181 0.966431 -0.106954 0.910205 0.400109 -0.149529 0.780954 0.606425 -0.00127913 -0.999121 -0.0419057 -0.0199738 -0.999382 -0.0289349 -0.0466275 -0.998877 -0.00844296 -0.0812153 -0.993576 0.0788158 0.255552 0.953783 0.158087 -0.0357931 0 -0.999359 -0.544235 0.836222 0.0673907 -0.472432 0.826445 0.306262 -0.822398 0.479517 0.306147 -0.952034 0.00403034 0.305967 -0.858161 -0.433847 0.274473 -0.865294 -0.499126 0.0462543 -0.816781 -0.574108 -0.0571766 -0.545606 -0.83766 0.0253051 -0.420293 -0.905577 -0.0573023 -0.0380437 -0.998789 0.0311946 -9.10081e-06 -0.998341 -0.0575763 0.499181 -0.864586 -0.0575307 0.498348 -0.863213 0.0807072 0.994969 -0.0888918 0.0461958 0.994416 0.088832 -0.0569795 0.905598 -0.420264 -0.0571804 0.837653 -0.545612 0.025386 0.847218 -0.449232 0.283572 0.729682 -0.51304 0.452056 -0.818133 0.575029 0.00020102 -0.996036 0.0889552 3.14034e-05 -0.907085 0.420948 0.000148605 -0.996036 -0.0889544 -3.06786e-05 -0.907086 -0.420946 -0.0001459 -0.818133 -0.575028 -0.000200219 -0.50001 -0.866019 -0.000302142 -0.500011 -0.866019 -0.000305454 -0.0889448 -0.996036 -0.000346321 0.0889712 -0.996034 -0.00034632 0.575086 -0.818093 -0.000286647 0.420987 -0.907067 -0.000317436 -0.375486 0.80885 0.452517 -0.0484237 0.940426 0.336533 -0.0383839 0.997365 0.0615567 0.532327 0.84594 0.0318389 0.9061 0.420516 0.0463656 0.816775 0.574151 -0.0568249 0.499195 0.86462 -0.056898 0.0888116 0.994436 -0.0566522 -0.729667 0.512745 0.452414 -0.88837 0.0791873 0.452248 -0.77178 -0.445754 0.453497 0.0381573 -0.944142 0.327323 0.375472 -0.809171 0.451954 0.512207 -0.790445 0.335917 -1.0816e-05 -0.891323 0.453369 -0.375484 -0.809166 0.451953 -0.509154 -0.812667 0.283432 -0.500011 0.866019 0.000302238 -0.50001 0.86602 0.000298673 -0.0889476 0.996036 0.000349025 0.0889685 0.996034 0.000349024 0.420989 0.907066 0.000315585 0.575089 0.818091 0.000284122 0.818117 0.575052 0.000201028 0.907059 0.421003 0.000148624 0.996033 0.0889863 3.14143e-05 0.996033 -0.0889854 -3.06893e-05 0.907061 -0.421 -0.000145919 0.818117 -0.575052 -0.000200227 -0.621828 0.516016 0.589116 -0.952345 -0.00545315 0.304974 -0.677278 0.669533 0.304992 -0.135074 -0.978094 0.158388 0.00545006 -0.952335 0.305004 0.596133 -0.787111 0.158373 0.0748953 -0.805659 0.587626 0.67725 -0.669567 0.304979 0.978102 -0.135044 0.158365 0.6227 -0.516912 0.587406 0.805656 0.0747444 0.58765 0.952338 0.00546252 0.304995 0.66957 0.67724 0.304995 0.787125 0.596116 0.158367 0.00103099 -0.00100103 0.999999 0.516556 0.62218 0.58827 -0.0747667 0.804755 0.58888 -0.00547775 0.952336 0.305001 -0.804744 -0.0748963 0.588878 -0.669574 -0.677244 0.304977 -0.516329 -0.622373 0.588265 -0.787125 -0.596117 0.158363 -0.978104 0.135032 0.158364 -0.596144 0.787103 0.158367 0.135034 0.978101 0.158383 0.0382194 -0 -0.999269 0.0370063 0 -0.999315 0.928875 -0 -0.370393 0.967355 0 -0.253423 0.991421 0 -0.130706 0.999969 0 -0.00786635 0.571695 0 0.820466 0.409155 -0.414024 0.813127 0.571695 0 0.820466 0.32409 0.550333 0.76948 0.0409385 0 -0.999162 0.0472958 0 -0.998881 0.053651 0 -0.99856 0.053651 0 -0.99856 0 0.996633 -0.0819871 0 0.986661 0.162786 0 0.420464 0.907309 0 -0.598506 -0.801118 0 -0.12072 -0.992687 0.918091 -0.386103 0.0896305 0.918559 -0.395271 0.00316883 0.79057 -0.573016 0.215991 0.746585 -0.665271 0.00501387 0.99971 -0.0240972 -1.05167e-05 0.999709 -0.0241064 -1.3948e-05 0.988837 0.149 5.41525e-05 0.999709 -0.0241094 -1.13584e-05 0.999597 -0.0161073 0.0233911 0.999116 -1.00023e-05 0.0420367 0.987175 0.157997 0.0228783 0.999116 -1.22499e-05 0.0420457 0.983711 0.174913 0.0414591 0.999116 -1.38689e-05 0.042047 -0.985798 0.00646401 0.16781 -0.983206 0.165291 0.0773652 -0.983088 0.16583 0.0777139 -0.974859 0.12733 0.182859 -0.053006 0.998576 0.00597511 -0.0530238 0.998578 0.00554297 -0.0568693 0.998382 -0.000459966 -0.058791 0.998264 -0.00346162 0.204299 0.695019 0.689355 0.0709595 0.912064 0.403861 0.288633 0.92353 0.252554 0.570324 0.695116 0.437658 0.340638 0.289122 0.894636 0.749979 0.622808 0.222805 0.952385 0.238825 0.189537 0.803899 0.303248 0.511651 0.747261 -0.614326 0.253387 0.613405 -0.666657 0.423441 0.965874 -0.209608 0.152154 0.766647 -0.201158 0.609743 0.247229 -0.666749 0.703082 0.199148 -0.233639 0.951711 0.824529 0.56582 0.000197105 0.838919 0.544249 -0.00281609 0.705806 0.708405 0.000248851 0.607474 0.780099 0.149734 0.868421 0.49463 0.0344461 0.872603 0.488395 -0.00597979 0.89929 0.437348 -0.0022014 0.904041 0.427446 0.000153536 0.375397 0.901794 0.214113 0.262407 0.959084 0.1063 0.41908 -0.800254 0.428912 0.347799 -0.914427 0.207027 0.132924 -0.902915 0.408748 0.978284 0.207269 7.07886e-05 0.999693 -0.0241315 0.00562584 0.999116 -6.96279e-06 0.0420316 0.999477 -0.0096746 0.0308531 0.991494 -0.129409 0.0139104 0.923458 -0.367743 0.1095 0.869391 -0.45049 0.203023 0.704374 -0.617968 0.349246 0.552206 -0.64364 0.529902 0.312012 -0.672822 0.670789 0.0444113 -0.721528 0.690959 -0.445601 0.771616 0.453925 -0.438963 0.83652 0.327941 -0.0793366 0.888199 0.452557 -0.771779 0.445415 0.453831 -0.804717 0.526223 0.274809 -0.94861 0.0846133 0.304924 -0.888347 -0.0795061 0.452236 0.994417 -0.0887911 -0.0570112 0.998922 0.000381682 0.0464256 0.905604 0.420299 -0.0568335 0.864889 0.499795 0.0466066 0.499181 0.864627 -0.0569083 -0.0206688 0.973987 -0.225659 -0.519142 0.820189 -0.240379 -0.00013537 0.962 -0.273048 0.507426 0.824405 -0.250749 0.449371 0.875123 -0.179517 0.705029 0.692688 -0.152044 0.650968 0.759057 -0.00858591 0.757648 0.649717 0.0619492 0.797223 0.566254 0.209266 0.829512 0.547302 0.111222 0.603119 0.797575 -0.0110578 0.424459 0.899336 0.10502 -0.00766837 0.999804 -0.0182671 -0.475735 0.860718 -0.181218 -0.706181 0.689762 -0.159803 -0.604896 0.79601 -0.0216531 -0.424462 0.899334 0.105021 1.02399e-05 0.994835 0.101509 -0.82952 0.547287 0.111236 -0.757144 0.651068 0.0533187 -0.642358 0.766306 -0.012264 -0.790691 0.574479 0.211617 0.927768 -0.000127049 0.373158 0.970151 8.42526e-05 -0.242502 0.974547 -7.61638e-05 0.224183 0.942348 0.000116474 -0.334635 0.812006 0.000203146 -0.583649 0.00257748 0.99854 -0.0539477 -0.0235125 0.986545 -0.161793 0.0181395 0.968809 -0.247144 -0.0416106 0.964521 -0.260705 -0.0419649 0.994393 -0.0970685 -0.0361082 0.985837 -0.163775 0.105794 0.980108 -0.167918 0.397852 0.915148 -0.0649493 0.320148 0.937005 -0.139739 -0.0122187 0.947046 0.320864 -0.0494247 0.928602 0.367772 -0.00826032 0.955718 0.294169 0.0393051 0.964063 0.26275 0.0851667 0.84358 0.530208 0.679261 -0.000249875 0.733897 0.0066005 0.822724 0.568403 -0.032718 0.824601 0.564768 -0.0327237 0.824669 0.564669 -0.0240164 0.8314 0.555155 -0.0333627 0.831177 0.555006 0.0023952 0.837263 0.546796 0.54435 0.803518 0.24092 0.386688 0.919861 0.0657865 0.0976998 -0.992014 -0.0797662 0.101572 -0.991149 -0.0854774 0.0897682 -0.994551 -0.0530178 -0.982749 -0.136342 0.124961 -0.993238 -0.107359 0.0441775 -0.957561 -0.136615 0.253797 -0.955409 -0.0109491 0.295082 0.0884839 -0.994178 -0.0614812 0.0870127 -0.994709 -0.0546126 0.989555 0.0995056 0.104309 0.990768 0.104765 0.0860349 0.988278 0.0769343 0.131862 0.991298 0.0789652 0.105327 0.992192 0.110638 0.0575637 0.99579 0.0895174 0.0197015 0.110569 -0.984704 -0.134658 0.00955959 0.365893 0.930608 0.011822 0.200162 0.979691 0.0083793 0.00213192 0.999963 0.0194947 -0.126932 0.99172 0.0237281 -0.106632 0.994015 0.0332689 0.466944 0.883661 -0.0645862 0.997823 -0.01333 0.990178 0.108109 0.0886548 0.849465 -0.487657 -0.201493 0.766664 -0.615866 -0.181482 0.74175 -0.669777 0.0347279 0.553949 -0.832382 0.016732 0.804965 -0.580063 0.124732 0.40845 -0.908061 0.0927034 6.20988e-06 -0.999734 0.023054 1.02723e-05 -0.997163 0.0752735 -0.40846 -0.908057 0.0926964 -0.553957 -0.832377 0.0167333 -0.693998 -0.675942 0.247929 -0.681962 -0.73048 -0.0364274 -0.654121 -0.730902 0.194703 -0.77994 -0.209097 0.589892 -0.851169 -0.484834 -0.201116 -0.766656 -0.615877 -0.181477 -0.622581 -0.670857 -0.402918 -0.615006 -0.511036 -0.600508 1.8467e-05 -0.667409 -0.744692 1.15309e-05 -0.898215 -0.439557 -0.4739 -0.829322 -0.296046 -0.450202 -0.877291 -0.166372 1.46679e-05 -0.988463 -0.151464 0.450211 -0.877286 -0.166369 0.473922 -0.829309 -0.296048 5.66482e-06 -0.948057 -0.318101 0.622605 -0.670836 -0.402916 0.615025 -0.511031 -0.600493 1.77907e-05 -0.499936 -0.866062 0.734869 -0.625447 0.262265 0.450428 -0.888653 0.0860812 0.057122 -0.951118 0.303499 0.0171106 -0.94633 0.32275 0.00692647 -0.795561 0.605833 0.0765071 -0.845536 0.528408 0.118458 -0.84205 0.526232 0.118459 -0.842049 0.526234 0.118713 -0.845395 0.520783 0.140376 -0.844074 0.517526 0.143036 -0.963694 0.225467 0.0706494 -0.990486 -0.118092 0.135483 -0.97815 -0.157696 0.160271 -0.985595 -0.0539954 0.170871 -0.974798 0.143432 0.18917 -0.899406 0.39406 0.170316 -0.956082 -0.238536 0.115378 -0.963377 -0.242058 0.0443444 -0.992571 -0.113299 0.0389216 -0.994638 -0.0958161 0.0830502 -0.991895 -0.0961601 0.148245 -0.985053 -0.0877168 -0.0531226 0.616884 0.785259 0.852718 -0.488314 -0.185528 0.682 -0.340604 -0.647198 0.2096 -0.901845 -0.377814 0.21667 -0.962779 -0.161589 0.216623 -0.965759 -0.14277 0.425917 -0.901018 -0.0822305 0.516745 -0.855801 -0.0240484 0.369944 -0.929032 0.00646108 -0.00135899 -0.596606 -0.802533 0.476552 -0.77716 0.411 0.990549 -0.136934 0.0078993 0.99315 -0.116841 0.000674347 0.918774 -0.39478 -0.00164432 0.885369 -0.464889 -0.000162993 0.904755 -0.425842 -0.00883452 0.978584 -0.20572 -0.00725418 0.982941 -0.18377 -0.00745446 0.991027 0.130942 0.0268454 0.956441 0.29192 0.00159492 0.904041 0.427445 0.000151403 0.85161 0.52417 0.00255507 0.694467 0.719524 0.001027 0.242702 0.970076 0.00690644 0.642509 0.766277 -0.000949065 0.242702 0.970101 0.000340392 0.193919 0.981017 0.000344589 0.242699 0.970101 -0.00092176 0.21528 0.9765 -0.0101436 0.226109 0.973771 -0.0254021 0.589972 0.803096 -0.083488 0.798792 0.600328 -0.0392199 0.915243 0.392888 -0.0892685 0.972585 0.2034 -0.112721 0.981776 0.177216 -0.0686318 0.782747 -0.610612 -0.120247 0.924778 -0.378693 -0.0371272 0.999968 -0.00712259 0.00363418 0.99351 0.107352 -0.037607 0.869234 0.49409 -0.017536 0.719296 0.69445 -0.0187781 0.893147 0.449761 0.00180667 0.80964 0.586869 -0.00817115 0.728639 0.68485 0.00807988 0.852278 0.522875 0.0149359 0.574909 0.818217 0.000287309 0.783577 0.62082 -0.0242911 0.884288 0.464716 -0.0455306 0.96588 0.145266 -0.214414 0.942698 0.0667026 -0.326912 -2.5444e-05 0.144436 -0.989514 0.813275 -0.581879 -0.000203888 0.99859 0.043129 -0.030964 0.981559 0.190249 0.0186446 0.995321 0.0964805 0.00526643 0.999842 0.00923708 -0.0151765 0.99994 0.00595783 -0.00916796 0.999842 0.00568167 -0.016858 0.995689 0.0269583 -0.088752 0.989475 0.0377511 -0.139695 0.0235286 0.999543 0.0189982 0.0288461 0.996764 0.0750353 0.0156855 0.999873 -0.00289073 0.00766908 0.999857 -0.0150884 0.00102136 0.999696 -0.0246534 0.00110157 0.999694 -0.0247205 0.00133837 0.999695 -0.0246631 0.00184938 -0.999105 -0.0422514 -0.000695574 -0.999223 -0.0393988 0.0715291 -0.97877 0.192076 0.0686282 -0.958055 0.278247 0.146917 -0.783076 0.604324 0.25683 0.0069918 0.966431 0.149529 0.780954 0.606425 0.106954 0.910205 0.400109 0.00127913 -0.999121 -0.0419057 0.0199738 -0.999382 -0.0289349 0.0466275 -0.998877 -0.00844296 0.0812153 -0.993576 0.0788158 -0.255552 0.953783 0.158087 0.0357931 0 -0.999359 0.544235 0.836222 0.0673907 0.472432 0.826445 0.306262 0.822398 0.479517 0.306147 0.952034 0.00403035 0.305967 0.858161 -0.433847 0.274473 0.865294 -0.499126 0.0462543 0.816781 -0.574108 -0.0571766 0.545606 -0.83766 0.0253051 0.420293 -0.905577 -0.0573023 0.0380437 -0.998789 0.0311946 9.10081e-06 -0.998341 -0.0575763 -0.499181 -0.864586 -0.0575307 -0.498348 -0.863213 0.0807072 -0.994969 -0.0888918 0.0461958 -0.905598 -0.420264 -0.0571804 -0.994416 0.088832 -0.0569795 -0.837653 -0.545612 0.025386 -0.847218 -0.449232 0.283572 -0.729682 -0.51304 0.452056 0.818133 0.575029 0.00020102 0.907085 0.420948 0.000148605 0.996036 0.0889552 3.14034e-05 0.996036 -0.0889544 -3.06786e-05 0.907086 -0.420946 -0.0001459 0.818133 -0.575028 -0.000200219 0.50001 -0.866019 -0.000302142 0.500011 -0.866019 -0.000305454 0.0889448 -0.996036 -0.000346321 -0.0889712 -0.996034 -0.00034632 -0.575086 -0.818093 -0.000286647 -0.420987 -0.907067 -0.000317436 0.0484237 0.940426 0.336533 0.375486 0.80885 0.452517 0.0383839 0.997365 0.0615567 -0.532327 0.84594 0.0318389 -0.9061 0.420516 0.0463656 -0.816775 0.574151 -0.0568249 -0.499195 0.86462 -0.056898 -0.0888116 0.994436 -0.0566522 0.729667 0.512745 0.452414 0.88837 0.0791873 0.452248 0.77178 -0.445754 0.453497 -0.0381573 -0.944142 0.327323 -0.512207 -0.790445 0.335917 -0.375472 -0.809171 0.451954 1.0816e-05 -0.891323 0.453369 0.375484 -0.809166 0.451953 0.509154 -0.812667 0.283432 0.500011 0.866019 0.000302238 0.50001 0.86602 0.000298673 0.0889476 0.996036 0.000349025 -0.0889685 0.996034 0.000349024 -0.420989 0.907066 0.000315585 -0.575089 0.818091 0.000284122 -0.818117 0.575052 0.000201028 -0.907059 0.421003 0.000148624 -0.996033 0.0889863 3.14143e-05 -0.996033 -0.0889854 -3.06893e-05 -0.907061 -0.421 -0.000145919 -0.818117 -0.575052 -0.000200227 0.621828 0.516016 0.589116 0.677278 0.669533 0.304992 0.952345 -0.00545316 0.304974 0.135074 -0.978094 0.158388 -0.596133 -0.787111 0.158373 -0.00545005 -0.952335 0.305004 -0.67725 -0.669567 0.304979 -0.0748953 -0.805659 0.587626 -0.978102 -0.135044 0.158365 -0.6227 -0.516912 0.587406 -0.952338 0.00546252 0.304995 -0.805656 0.0747444 0.58765 -0.66957 0.67724 0.304995 -0.787125 0.596116 0.158367 -0.00103102 -0.00100101 0.999999 -0.516556 0.62218 0.58827 0.0747667 0.804755 0.58888 0.00547775 0.952336 0.305001 0.804744 -0.0748963 0.588878 0.669574 -0.677244 0.304977 0.516329 -0.622373 0.588265 0.787125 -0.596117 0.158363 0.978104 0.135032 0.158364 0.596144 0.787103 0.158367 -0.135034 0.978101 0.158383 -0.990477 0.015628 0.136791 -0.797079 0.0156411 -0.603672 -0.99776 0.0314954 -0.0590227 -0.645977 0.0314755 -0.762707 -0.202736 0.0231855 -0.978959 -2.2987e-05 0.0315457 -0.999502 0.38246 0.0291634 -0.923512 0.3825 0.0291771 -0.923495 -0.707094 0 -0.707119 -0.990608 0 -0.136733 -0.797163 0 0.603764 -0.6462 0.0188541 0.762935 -6.85018e-05 0.0236364 0.999721 -0.059058 0.0314595 0.997759 -0.762678 0.0314016 0.646015 0.645967 0.0314113 0.762719 0.706749 0.0314759 0.706763 -0.787671 0.415688 0.454728 -0.555236 0.830464 0.0452002 -0.418575 0.875447 0.241635 1.25075e-09 0.999983 0.00576367 -0.504502 0.829673 -0.238999 -0.850199 0.190309 -0.49086 -0.470246 0.339414 -0.814657 -0.747948 0.455917 -0.482403 -0.302135 0.796564 -0.523642 0 0.873522 -0.486785 0 0.481743 -0.876312 0.302135 0.796564 -0.523642 0.504502 0.829673 -0.238999 0.787671 0.415688 0.454728 0.555236 0.830464 0.0452002 0.906891 0.413493 -0.081076 0.418575 0.875447 0.241635 0.261374 0.796819 0.544759 9.83588e-10 0.837595 0.546291 -0.261374 0.796819 0.544759 -0.153761 0.696603 0.700787 -0.0923899 0.772431 0.628342 -0.401914 0.429791 0.808545 -0.291797 0.457971 0.839713 0 1 -0 -0.906891 0.413493 -0.081076 -0.996034 0 -0.0889721 -0.86602 0 -0.500009 -0.996035 0 0.0889648 -0.86602 0 -0.500009 -0.575059 0 -0.818112 -0.42097 0 -0.907074 -0.0889601 0 -0.996035 0.0889601 0 -0.996035 0.499997 0 -0.866027 0.818107 0 -0.575067 -0.490867 0.190299 -0.850197 0.470246 0.339414 -0.814657 0.30207 0.0689954 0.950786 0.401914 0.429791 0.808545 0.517281 0.127344 0.846288 0.291797 0.457971 0.839713 0.153761 0.696603 0.700787 0.0923899 0.772431 0.628342 1.16564e-08 0.47968 0.877444 -0.162801 0.481139 0.861395 -0.172406 0.13206 0.976133 0 0.0156843 0.999877 0.172406 0.13206 0.976133 0.162801 0.481139 0.861395 0.42097 0 0.907074 0.0889601 0 0.996035 -0.0889601 0 0.996035 -0.42097 0 0.907074 -0.57506 0 0.818112 -0.866022 0 0.500006 -0.517281 0.127344 0.846288 -0.30207 0.0689954 0.950786 0.57506 0 0.818112 0.818108 0 0.575065 0.907069 0 0.420982 1 0 -3.62532e-06 0.907067 0 -0.420987 -1 0 -1.21101e-05 -0.907065 0 -0.420991 -1 0 -1.21101e-05 -0.818108 0 -0.575065 1 0 -1.21101e-05 0.907065 0 -0.420991 0.818108 0 -0.575065 8.78439e-05 -0.325701 0.945473 -2.45903e-05 -0.325753 0.945455 -2.45903e-05 -0.325705 0.945471 -0.000138627 -0.325645 0.945492 0 -0.325667 0.945485 -1.24383e-08 -0.325545 0.945527 7.23851e-05 -0.325701 0.945473 -2.48765e-08 -0.325623 0.9455 0 0 -1 -2.51054e-05 -0.325699 -0.945474 -2.51054e-05 -0.325748 -0.945457 8.9709e-05 -0.325699 -0.945474 7.09827e-05 -0.325702 -0.945473 -1.21981e-08 -0.325546 -0.945526 -2.43963e-08 -0.325623 -0.9455 -0.00013936 -0.325643 -0.945493 0 -0.325667 -0.945485 0.713531 0.662453 0.2281 0.713464 0.662522 0.228107 0.713461 -0.662531 -0.228093 0.713403 -0.662591 -0.228099 0.71352 -0.66247 -0.228086 -0.713424 -0.662564 -0.228112 -0.713399 -0.662587 -0.228126 -0.71345 -0.662541 -0.228098 -0.713502 0.662483 0.228102 -0.713602 0.662395 0.228048 -0.713402 0.662572 0.228157 0.713598 0.662383 0.228092 -0.634029 -0.731166 -0.251801 -0.634073 -0.731129 -0.251797 -0.633986 -0.731202 -0.251805 4.31173e-08 -0.325693 0.945476 -0.000268861 -0.325693 0.945476 0.000268947 -0.325693 0.945476 0.634115 0.7311 0.251778 0.634158 0.731068 0.251759 0.634071 0.731131 0.251798 -0.634031 0.731164 0.2518 -0.633987 0.731201 0.251804 -0.634075 0.731128 0.251797 0.634119 -0.731096 -0.251777 0.634076 -0.731127 -0.251796 0.634162 -0.731065 -0.251757 0.713473 0.700683 7.70866e-06 0.713506 0.700649 1.54173e-05 0.713473 -0.700683 7.70793e-06 0.713439 -0.700717 1.54159e-05 0.713506 -0.700649 -0 -0.713425 -0.700732 -0 -0.713425 0.700732 -0 0.713439 0.700717 -0 -0.634095 -0.773255 -0 0.633922 0.773397 -0 -0.633827 0.773475 -0 0.63419 -0.773177 -0 0.713388 0.70077 5.62157e-06 0.713421 0.700736 1.12431e-05 0.713392 -0.700766 5.61806e-06 0.713358 -0.7008 1.12361e-05 0.713425 -0.700732 -0 -0.713356 -0.700802 -0 -0.713356 0.700801 -0 0.713354 0.700804 -0 -0.634125 -0.77323 -0 -0.634125 -0.77323 -0 0.634212 0.77316 -0 -0.634129 0.773228 -0 -0.634129 0.773228 -0 0.634215 -0.773157 -0 -0.713421 0.700736 1.1238e-05 -0.713388 0.70077 5.61902e-06 -0.713354 0.700804 -0 0.713356 0.700801 0 0.713356 -0.700802 -0 -0.713425 -0.700732 -0 -0.713392 -0.700766 5.61853e-06 -0.713358 -0.7008 1.12371e-05 -0.634215 -0.773157 0 0.634125 -0.77323 -0 0.634125 -0.77323 -0 0.634129 0.773228 0 0.634129 0.773228 -0 -0.634212 0.77316 -0 0 -1 -0 0.0417586 0.000230831 0.999128 0.0627201 0.000179617 0.998031 -0.000136729 0.000332917 1 0.125329 2.54401e-05 0.992115 0.999997 -0.00256741 -0 0.999994 -0.00335591 -0 0.999998 -0.00177891 -0 0.999994 -0.00335591 -0 5.18736e-05 0.000311143 1 9.32968e-06 0.000241695 1 0.000136496 0.000332751 1 9.56219e-06 0.00030034 1 -0.999998 -0.00177891 -0 -1 -0.000990408 -0 -0.999997 -0.00256741 -0 -0.999994 -0.00335591 -0 -0.999994 -0.00335591 -0 0.000136961 0.00045004 1 -0.000136496 0.000332751 1 1 -0.000990408 -0 0.713655 0.700498 -1.10783e-05 0.713622 0.700531 -5.53915e-06 0.713589 0.700564 9.7517e-17 -0.713592 0.700561 -9.75174e-17 -0.713592 0.700561 -4.87587e-17 -0.713592 0.700561 -0 -0.713276 -0.700884 0 0.713345 -0.700813 -0 0.713313 -0.700846 -5.53624e-06 0.71328 -0.700879 -1.10725e-05 0.633915 -0.773403 -0 0.633915 -0.773403 -0 -0.633825 -0.773477 0 -0.633825 -0.773477 -0 -0.634097 0.773253 -0 0.634181 0.773185 -0 -0.713465 0.70069 -7.53279e-06 -0.713498 0.700657 -1.50656e-05 -0.713469 -0.700687 -7.53214e-06 -0.713436 -0.70072 -1.50643e-05 -0.713502 -0.700653 -0 0.713432 -0.700724 -0 0.713432 -0.700724 -0 0.713436 0.700721 -0 0.713436 0.70072 -0 -0.713433 0.700724 -0 0.634093 -0.773257 -0 0.634093 -0.773257 -0 -0.633913 0.773405 -0 -0.633913 0.773405 -0 0.633829 0.773473 -0 0.633829 0.773473 -0 -0.634183 -0.773183 -0 0.713465 0.662511 -0.22814 0.713458 0.662518 -0.22814 0.71345 0.662526 -0.228141 -0.713403 0.662572 -0.228157 -0.713428 0.662549 -0.228143 -0.713454 0.662526 -0.228129 -0.71345 -0.66253 0.22813 -0.713424 -0.662553 0.228144 -0.713398 -0.662576 0.228158 0.713519 -0.662459 0.228118 0.713461 -0.66252 0.228125 0.713403 -0.66258 0.228132 0.634163 -0.731081 0.251712 0.634119 -0.731112 0.251731 0.634075 -0.731143 0.251751 0.000275323 -0.325695 -0.945475 3.1534e-08 -0.325695 -0.945475 -0.00027526 -0.325695 -0.945475 -0.633985 -0.731218 0.251759 -0.634029 -0.731182 0.251755 -0.634073 -0.731145 0.251752 -0.634076 0.731143 -0.251751 -0.634032 0.731179 -0.251755 -0.633988 0.731216 -0.251759 0.634159 0.731083 -0.251713 0.634115 0.731115 -0.251732 0.634072 0.731146 -0.251752 -0.977968 0.189603 0.0873425 0.747948 0.455917 -0.482403 -0.850191 0.190328 0.490868 7.70404e-09 0.190334 -0.981719 0.490867 0.190299 -0.850197 0.850199 0.190308 -0.49086 0.977968 0.189603 0.0873425 0.850191 0.190328 0.490868 0.877065 0.457023 -0.147941 0.818628 0.549227 -0.167923 0 0.997936 -0.0642137 0 0.996685 -0.0813582 0 0.924453 -0.381295 0.843106 0.515295 -0.153767 0.93393 0.276052 -0.227091 0 0.612167 -0.790729 0 0.612167 -0.790728 -0.877065 0.457023 -0.147941 -0.818628 0.549227 -0.167923 -0.93393 0.276052 -0.227091 -0.843106 0.515295 -0.153767 0.454771 0.878262 0.147785 9.38349e-08 1 4.71328e-06 0.512731 0.850375 -0.118193 0.345341 0.850376 -0.396989 -6.77759e-08 0.831919 -0.554896 -0.345341 0.850376 -0.396989 -0.421985 0.528931 -0.736316 -4.77819e-08 0.531178 -0.84726 0.421985 0.528931 -0.736316 0.812848 0.499628 -0.299416 0.760321 0.600724 0.247068 0.345335 0.850385 0.396975 0.509051 0.531038 0.677396 -1.40427e-05 0.831936 0.554871 -0.345339 0.850373 0.396998 -0.512718 0.850381 0.118207 -0.454787 0.878256 -0.147768 -0.772227 0.560974 -0.298284 -0.809981 0.53105 0.248831 -0.93327 0.301326 -0.195474 -0.869922 0.301304 0.390451 -0.509051 0.531056 0.677382 -0.474273 0.30129 0.827218 -2.30833e-05 0.457145 0.889392 2.80802e-07 0.30294 0.95301 0.474263 0.301195 0.827258 0.906456 0.302781 0.294381 0.90631 0.302848 -0.294764 0.640183 0.301304 -0.706669 -1.09191e-07 0.303003 -0.95299 -0.640183 0.301304 -0.706669 -0.50002 0 -0.866014 0.0889441 0 0.996037 -0.0889441 0 0.996037 -0.499981 0 0.866037 -0.499981 0 0.866037 -0.866025 0 0.5 -0.866025 -0 0.5 0.420944 0 0.907086 0.575051 0 0.818117 0.866025 0 0.5 0.866025 0 0.5 0.575076 0 -0.8181 0.421 0 -0.907061 0.0889761 0 -0.996034 -0.0889761 0 -0.996034 0.261867 0.928901 0.261854 0.421048 0.907038 7.30716e-06 0.502363 0.703737 0.50238 0.74364 0.664631 -0.0725566 0.96076 0.277255 -0.00832432 0.693431 0.195571 0.693473 0.0741363 0.324332 0.943034 -0.0976187 0.700362 0.707081 0.0431282 0.915263 0.400542 -1.34045e-08 1 3.82985e-09 0.252696 0.915286 -0.313682 0.507695 0.738168 -0.444246 0.75077 0.32077 -0.577453 0.970745 0.026997 -0.238592 0.978749 0.0308828 0.202721 -0.647365 0.242111 0.722704 -0.934298 0.356494 2.89664e-06 -0.568991 0.700385 0.430941 -0.710476 0.703722 1.76708e-05 -0.421049 0.907038 7.29439e-06 -0.252723 0.915263 0.313727 -0.252696 0.915286 -0.313682 -1.53044e-08 0.92891 -0.370305 0.0515881 0.728138 -0.683487 -0.54282 0.676914 -0.497125 0.0083242 0.277234 -0.960766 -0.693467 0.195505 -0.693456 0.997613 0.0207927 0.0658438</float_array>
                    <technique_common>
                        <accessor count="1170" source="#ID26" stride="3">
                            <param name="X" type="float"/>
                            <param name="Y" type="float"/>
                            <param name="Z" type="float"/>
                        </accessor>
                    </technique_common>
                </source>
                <source id="ID27">
                    <float_array id="ID28" count="2466">0.505926 0.0786848 0.598945 0.0786406 0.505926 0.076722 0.984039 0.143248 0.986013 0.143248 0.984028 0.120272 0.986013 0.120272 0.983997 0.0589231 0.986013 0.0589231 0.502205 0.0501205 0.502205 0.0521246 0.527498 0.0501888 0.527498 0.0521246 0.680734 0.0786394 0.717565 0.0786384 0.680734 0.0766991 0.717565 0.0766988 0.987203 0.980864 0.991068 0.991697 0.991068 0.980864 0.987203 0.991697 0.987203 0.944488 0.991068 0.944488 0.991068 0.908113 0.987203 0.887905 0.987203 0.908113 0.991068 0.887905 0.991068 0.824461 0.442806 0.167192 0.446671 0.0302871 0.442806 0.0302871 0.186199 0.180674 0.178469 0.210554 0.186199 0.210554 0.178469 0.180674 0.799952 0.051416 0.786537 0.0514209 0.79999 0.159444 0.786575 0.159449 0.838265 0.0797095 0.839231 0.0758138 0.836552 0.077641 0.836552 0.0726659 0.836552 0.0491122 0.839222 0.0514027 0.835736 0.041113 0.835424 0.0380527 0.839218 0.0378064 0.834969 0.0335867 0.372256 0.192785 0.357391 0.215846 0.35739 0.216634 0.357455 0.187526 0.257651 0.268423 0.203341 0.270638 0.257713 0.269211 0.2554 0.240103 0.913146 0.0534434 0.911745 0.0751529 0.918617 0.0701874 0.89742 0.0648049 0.56824 0.289552 0.564594 0.268596 0.552515 0.289556 0.860284 0.0335783 0.839207 0.00830281 0.839216 0.0335855 0.860278 0.0151925 0.542969 0.268601 0.799946 0.0335989 0.818449 0.0335928 0.799939 0.0138284 0.81844 0.00831008 0.567508 0.229545 0.550597 0.229549 0.542969 0.247949 0.564594 0.247943 0.610476 0.0117569 0.606229 0.0117557 0.626996 0.011763 0.868108 0.0784147 0.870686 0.074036 0.862933 0.0787771 0.870678 0.0513917 0.86029 0.0513954 0.8603 0.0787771 0.85496 0.0787771 0.841926 0.0787771 0.891413 0.0831908 0.89595 0.101004 0.90912 0.0831871 0.922865 0.0831859 0.909144 0.101002 0.922865 0.101002 0.922865 0.0701874 0.922865 0.0650947 0.922865 0.0534434 0.577959 0.280729 0.577959 0.289552 0.577959 0.268596 0.577959 0.247943 0.577959 0.229545 0.605108 0.239744 0.594657 0.239744 0.594657 0.25325 0.608401 0.271739 0.605776 0.263704 0.594657 0.27174 0.598904 0.258739 0.594657 0.258739 0.622019 0.251963 0.628479 0.271734 0.839233 0.0808785 0.836552 0.0514039 0.832327 0.0380527 0.599564 0.220059 0.599564 0.223139 0.599564 0.21143 0.823651 0.0380527 0.818451 0.0380527 0.813822 0.0380527 0.799948 0.0380527 0.796596 0.0380527 0.627759 0.276187 0.611897 0.275359 0.786531 0.0336038 0.783996 0.0360919 0.786532 0.0372244 0.274411 0.136541 0.288155 0.134376 0.274498 0.13402 0.286863 0.132073 0.476353 0.108287 0.477646 0.108287 0.476353 0.1058 0.442456 0.295795 0.429412 0.295794 0.445456 0.307521 0.32965 0.235705 0.324447 0.247431 0.339198 0.235709 0.336192 0.247435 0.352236 0.24744 0.35224 0.235713 0.156405 0.270632 0.173488 0.270626 0.1564 0.257534 0.173861 0.257528 0.39917 0.326164 0.399823 0.339262 0.412329 0.339258 0.710102 0.440023 0.710017 0.523455 0.72296 0.515304 0.697074 0.515304 0.69401 0.440025 0.684546 0.440028 0.65307 0.391171 0.72245 0.294242 0.703422 0.286765 0.723521 0.335623 0.707776 0.247833 0.722913 0.247828 0.737075 0.294237 0.694881 0.352229 0.683799 0.352233 0.690193 0.398642 0.710017 0.39864 0.726043 0.440025 0.66753 0.260347 0.658321 0.260344 0.678132 0.335623 0.65307 0.218961 0.729842 0.398642 0.725154 0.352229 0.710017 0.352228 0.667233 0.172552 0.656152 0.172548 0.667695 0.218966 0.686724 0.209167 0.682369 0.172557 0.944676 0.0944947 0.940019 0.0944964 0.945148 0.115068 0.939562 0.11507 0.940614 0.143248 0.00957525 0.852981 0.0299416 0.881161 0.0645013 0.8707 0.0645013 0.889383 0.556052 0.874863 0.556053 0.967486 0.724702 0.970708 0.738508 0.875816 0.734842 0.991547 0.556052 0.798946 0.502972 0.801362 0.0645013 0.821321 0.00834868 0.832408 0.0179978 0.823527 0.940627 0.0856143 0.0645013 0.812128 0.449336 0.801807 0.503695 0.80035 0.556053 0.774106 0.448657 0.782413 0.735486 0.774707 0.737387 0.800339 0.737794 0.814352 0.459559 0.200027 0.403805 0.196203 0.403096 0.210931 0.385952 0.197833 0.385481 0.212561 0.386398 0.185428 0.371382 0.183797 0.457185 0.184523 0.406529 0.183797 0.326988 0.196661 0.313029 0.185917 0.314316 0.201421 0.327245 0.183797 0.340461 0.217825 0.316102 0.214333 0.459656 0.212939 0.234758 0.344939 0.236597 0.319056 0.141166 0.320121 0.140823 0.293567 0.236051 0.290994 0.140819 0.345201 0.205356 0.243654 0.340693 0.190841 0.627007 0.169455 0.61703 0.105647 0.616261 0.169459 0.0877143 0.289811 0.0970184 0.225999 0.0848149 0.226003 0.0915135 0.179585 0.0804317 0.179588 0.0652959 0.226005 0.0652959 0.17959 0.0501589 0.179588 0.0457769 0.226003 0.0390783 0.179585 0.0335734 0.225999 0.00834868 0.21619 0.0350231 0.179581 0.0394088 0.289808 0.28586 0.153146 0.275882 0.216955 0.286628 0.216958 0.279854 0.267287 0.274411 0.270638 0.662273 0.0560627 0.673643 0.0560651 0.675402 0.0506518 0.0652959 0.347327 0.0652959 0.339986 0.0539264 0.34014 0.0587315 0.332798 0.0428763 0.289811 0.0523523 0.289815 0.0652959 0.2902 0.0782383 0.289815 0.0718604 0.332798 0.0652959 0.332014 0.0766642 0.34014 0.623035 0.219787 0.628479 0.223139 0.650905 0.0560651 0.649146 0.0506518 0.662273 0.0502567 0.0955687 0.179581 0.122242 0.218513 0.0911819 0.289808 0.188284 0.564062 0.00885028 0.540661 0.00834868 0.560576 0.188284 0.54006 0.240641 0.565555 0.29568 0.548367 0.297177 0.567167 0.679835 0.578081 0.679835 0.587278 0.188284 0.632682 0.679835 0.636656 0.734761 0.618937 0.735988 0.598363 0.726339 0.589481 0.714395 0.647115 0.679835 0.655337 0.188284 0.73344 0.00834868 0.641779 0.0196351 0.736662 0.00949441 0.757501 0.576122 0.312553 0.628479 0.306161 0.519586 0.319455 0.279205 0.287244 0.266162 0.290719 0.292248 0.290719 0.301795 0.300215 0.256615 0.300215 0.305289 0.313185 0.25312 0.313185 0.301795 0.326155 0.256615 0.326155 0.292248 0.335651 0.266162 0.335651 0.279205 0.339126 0.835785 0.942195 0.836773 0.984867 0.843206 0.991292 0.947181 0.991697 0.944396 0.985272 0.939562 0.991697 0.939562 0.985272 0.939562 0.942601 0.947071 0.942601 0.939562 0.856164 0.949034 0.856164 0.939562 0.594134 0.966574 0.594134 0.939562 0.532565 0.966574 0.532565 0.966574 0.315725 0.939562 0.315725 0.939562 0.159854 0.970505 0.159854 0.0825507 0.155594 0.0825507 0.137856 0.0516074 0.137856 0.0825507 0.162975 0.0696748 0.162975 0.476353 0.212939 0.489229 0.212939 0.476353 0.130579 0.489229 0.130579 0.761287 0.0583845 0.6256 0.289556 0.818456 0.0514101 0.818494 0.159437 0.796608 0.315315 0.782899 0.31532 0.796642 0.411475 0.782975 0.53216 0.796685 0.532155 0.824847 0.416263 0.817834 0.33506 0.836249 0.315145 0.83926 0.15943 0.841765 0.0836321 0.860328 0.159422 0.870716 0.159419 0.89595 0.123649 0.89595 0.209031 0.909295 0.209029 0.89595 0.364902 0.909295 0.364899 0.922865 0.209029 0.922865 0.364899 0.909295 0.404551 0.922865 0.404551 0.909295 0.64331 0.922865 0.64331 0.916173 0.833054 0.922865 0.77039 0.922865 0.833054 0.920542 0.90535 0.922865 0.991697 0.912388 0.991697 0.904773 0.905352 0.874716 0.942085 0.869775 0.855739 0.866526 0.942184 0.851884 0.942189 0.845323 0.855748 0.824435 0.855755 0.95793 0.9426 0.964 0.85616 0.800808 0.593724 0.787098 0.593729 0.835381 0.531985 0.836727 0.593712 0.851679 0.532135 0.853988 0.416255 0.738508 0.991697 0.74411 0.875971 0.870847 0.532129 0.85802 0.416409 0.870807 0.416405 0.861532 0.354944 0.74459 0.814506 0.861518 0.315293 0.852709 0.340777 0.870771 0.315289 0.870785 0.354941 0.89595 0.404553 0.89595 0.643313 0.870869 0.5937 0.987243 0.571765 0.987203 0.687489 0.987265 0.510301 0.853798 0.593706 0.853227 0.956624 0.852454 0.991697 0.912297 0.0368379 0.919916 0.0368379 0.914248 0.0276409 0.919916 0.0316523 0.919916 0.0276409 0.761316 0.140744 0.275279 0.111436 0.186199 0.0759271 0.514461 0.523455 0.488724 0.342488 0.484416 0.501132 0.626386 0.405932 0.633709 0.426141 0.636373 0.462516 0.630499 0.498892 0.619787 0.509725 0.182334 0.0759271 0.00834868 0.430809 0.00883394 0.492158 0.229685 0.370478 0.0180466 0.515134 0.111066 0.518672 0.192855 0.521487 0.229685 0.523455 0.283213 0.521487 0.37901 0.40088 0.246382 0.523455 0.246382 0.37048 0.252167 0.363932 0.380392 0.395616 0.0956752 0.395616 0.0967115 0.399562 0.223901 0.363932 0.0336421 0.413282 0.365002 0.518672 0.458021 0.515134 0.467233 0.492158 0.467719 0.430809 0.442425 0.413282 0.589532 0.0501032 0.294342 0.339267 0.598945 0.0766997 0.411952 0.326159 0.184183 0.238885 0.172438 0.238889 0.186643 0.257523 0.156394 0.238894 0.14035 0.2389 0.13894 0.25754 0.139322 0.270638 0.382472 0.326162 0.36969 0.326167 0.381819 0.339261 0.369313 0.339265 0.35223 0.326168 0.35223 0.339267 0.335146 0.339265 0.334769 0.326167 0.352229 0.26608 0.352225 0.279178 0.369308 0.279184 0.36969 0.266086 0.381814 0.279189 0.321987 0.326162 0.324441 0.307522 0.36828 0.247446 0.365282 0.235718 0.123043 0.121247 0.136085 0.121242 0.123037 0.10648 0.13608 0.106476 0.149127 0.121238 0.149122 0.106471 0.158675 0.121234 0.15867 0.106468 0.313505 0.10144 0.313505 0.116206 0.326548 0.101439 0.326548 0.116205 0.33959 0.116206 0.33959 0.10144 0.41637 0.295795 0.429412 0.307519 0.429412 0.326157 0.446873 0.326159 0.321987 0.266069 0.334769 0.266073 0.335142 0.279172 0.459001 0.339262 0.459656 0.326164 0.446496 0.339258 0.429412 0.339257 0.413369 0.307521 0.17898 0.227159 0.169432 0.227163 0.15639 0.227167 0.143348 0.227172 0.35223 0.307528 0.339187 0.295797 0.336186 0.307526 0.35223 0.295799 0.365272 0.295797 0.368273 0.307526 0.374819 0.295794 0.380018 0.307522 0.32964 0.295794 0.11349 0.106484 0.113495 0.12125 0.382374 0.116205 0.382374 0.101439 0.36933 0.116206 0.36933 0.10144 0.356288 0.116205 0.356288 0.101439 0.0967873 0.12125 0.0967924 0.106484 0.0872396 0.121247 0.0872448 0.10648 0.0741974 0.121242 0.0742026 0.106476 0.0611552 0.121238 0.0611603 0.106471 0.0516074 0.121234 0.0516127 0.106468 0.332544 0.132813 0.326309 0.145961 0.337146 0.145961 0.02163 0.162975 0.02163 0.141745 0.00834868 0.162975 0.02163 0.128597 0.0107921 0.141746 0.382849 0.167191 0.380405 0.145962 0.369569 0.167192 0.375803 0.132812 0.369568 0.132812 0.369569 0.145961 0.358732 0.145961 0.356288 0.167192 0.0153947 0.128596 0.255132 0.155714 0.248897 0.153146 0.248931 0.161881 0.257713 0.161914 0.255132 0.168114 0.248897 0.170682 0.363334 0.132813 0.419062 0.132813 0.412827 0.145961 0.423665 0.145961 0.412827 0.132812 0.40199 0.145961 0.406593 0.132813 0.242663 0.168114 0.24008 0.161914 0.32631 0.132812 0.315473 0.145962 0.320075 0.132812 0.242663 0.155714 0.027864 0.128596 0.0324667 0.141746 0.0349101 0.162975 0.313029 0.167191 0.32631 0.167192 0.33959 0.167192 0.399547 0.167192 0.412827 0.167191 0.426108 0.167192 0.515234 0.106161 0.515234 0.117034 0.528319 0.106161 0.528319 0.116743 0.0992481 0.153719 0.11018 0.153719 0.0995402 0.140706 0.11018 0.140045 0.121112 0.153719 0.120778 0.138852 0.0992481 0.162975 0.505926 0.117034 0.505926 0.106161 0.505926 0.0952903 0.515234 0.0952903 0.246782 0.12317 0.23585 0.113914 0.23585 0.12317 0.246782 0.136541 0.236142 0.136183 0.528319 0.0955801 0.257413 0.136541 0.257713 0.12317 0.240135 0.0502993 0.24491 0.0608529 0.24491 0.0521626 0.509151 0.186053 0.50681 0.194743 0.524254 0.194712 0.509151 0.203433 0.0516074 0.0898622 0.060063 0.0856608 0.0523167 0.0856608 0.515548 0.209795 0.505926 0.205235 0.513673 0.212939 0.524254 0.212115 0.0619384 0.0809125 0.0706444 0.0856608 0.0706444 0.0809125 0.0793504 0.0809125 0.53296 0.209795 0.539357 0.203433 0.214989 0.0502993 0.210214 0.0608529 0.214989 0.0608225 0.210214 0.0521626 0.53296 0.179691 0.539357 0.186053 0.541698 0.194743 0.524254 0.177934 0.515548 0.179691 0.220545 0.097308 0.229251 0.0967903 0.22235 0.096275 0.142258 0.142649 0.137809 0.143867 0.14471 0.14312 0.21867 0.0925597 0.222337 0.092499 0.490322 0.235435 0.479697 0.241956 0.482276 0.243436 0.476353 0.254367 0.479331 0.254367 0.482276 0.265297 0.240135 0.0608225 0.479697 0.266778 0.305016 0.0724224 0.313955 0.0848331 0.313955 0.0724224 0.305016 0.0848331 0.710436 0.107447 0.7013 0.0985582 0.7013 0.107447 0.710436 0.0985582 0.722915 0.107447 0.722915 0.0985582 0.735395 0.107447 0.735395 0.0985582 0.744531 0.0985582 0.501312 0.276228 0.513792 0.275863 0.512303 0.273299 0.501312 0.279189 0.488833 0.275863 0.490322 0.273299 0.0596536 0.0898622 0.0812258 0.0856608 0.520349 0.265297 0.526272 0.254367 0.523294 0.254367 0.522928 0.241956 0.520349 0.243436 0.512303 0.235435 0.236167 0.0900754 0.239832 0.0925597 0.240242 0.0883583 0.236165 0.092499 0.236152 0.096275 0.237957 0.097308 0.147162 0.142649 0.151611 0.143867 0.14471 0.138852 0.226799 0.096275 0.229251 0.0925597 0.226799 0.092499 0.226799 0.0900754 0.229251 0.0883583 0.231703 0.0900754 0.231703 0.096275 0.231703 0.092499 0.513792 0.23287 0.501312 0.232506 0.501312 0.229545 0.42403 0.110328 0.411551 0.101439 0.411551 0.110328 0.399071 0.101439 0.399071 0.110328 0.305016 0.060011 0.313955 0.0509255 0.305016 0.0509255 0.313955 0.060011 0.488833 0.23287 0.21826 0.0883583 0.222335 0.0900754 0.42403 0.101439 0.330652 0.060011 0.33959 0.0509255 0.330652 0.0509255 0.33959 0.060011 0.330652 0.0724224 0.33959 0.0724224 0.33959 0.0848331 0.330652 0.0848331 0.522928 0.266778 0.744531 0.107447 0.675664 0.120055 0.675664 0.132466 0.684603 0.120055 0.684603 0.132466 0.219152 0.135411 0.210214 0.135411 0.219152 0.147821 0.210214 0.147821 0.213856 0.0307218 0.216535 0.0291078 0.216535 0.0281571 0.218628 0.0307218 0.219213 0.0307218 0.216535 0.0332862 0.214442 0.0307218 0.216535 0.0323356 0.584174 0.0307851 0.586853 0.0290779 0.586853 0.0280726 0.588946 0.0307851 0.589532 0.0307851 0.586853 0.0334976 0.58476 0.0307851 0.586853 0.0324911 0.628284 0.0316217 0.630136 0.0304407 0.630136 0.0297459 0.631584 0.0316217 0.631989 0.0316217 0.630136 0.0334976 0.628688 0.0316217 0.630136 0.0328027 0.989055 0.723928 0.989055 0.724623 0.990908 0.725804 0.990503 0.725804 0.989055 0.72768 0.989055 0.726985 0.987608 0.725804 0.987203 0.725804 0.564799 0.0334976 0.564799 0.0324923 0.56212 0.0307863 0.562705 0.0307863 0.564799 0.0280726 0.564799 0.0290791 0.566891 0.0307863 0.567477 0.0307863 0.545422 0.0307851 0.542743 0.0324923 0.542743 0.0334976 0.54065 0.0307851 0.540065 0.0307851 0.542743 0.0280726 0.544837 0.0307851 0.542743 0.0290791 0.608908 0.0334976 0.608908 0.0325469 0.606229 0.030933 0.606814 0.030933 0.608908 0.0283685 0.608908 0.029319 0.611001 0.030933 0.611586 0.030933 0.123952 0.0658274 0.118821 0.0889796 0.126531 0.06671 0.1214 0.0898622 0.129109 0.0675939 0.156095 0.0889796 0.145807 0.0675939 0.153516 0.0898622 0.148386 0.06671 0.158675 0.0880958 0.150964 0.0658274 0.116241 0.0880958 0.381358 0.0188215 0.379265 0.0367708 0.381358 0.0362142 0.379265 0.0193769 0.266633 0.0541533 0.266633 0.0509255 0.264539 0.0525393 0.268726 0.0525393 0.358381 0.0362154 0.360474 0.0193782 0.358381 0.0188215 0.360474 0.0367708 0.356288 0.0367708 0.356288 0.0193782 0.377172 0.0362142 0.377172 0.0188215 0.6921 0.0325128 0.694827 0.0560651 0.694827 0.0325128 0.697555 0.0560651 0.697555 0.0325128 0.118969 0.0492219 0.116241 0.0256692 0.116241 0.0492219 0.118969 0.0256692 0.121696 0.0492219 0.121696 0.0256692 0.6921 0.0560651 0.943748 0.0227772 0.941655 0.0411727 0.943748 0.0411727 0.941655 0.0227772 0.989296 0.747698 0.989296 0.744285 0.987203 0.745992 0.991389 0.745992 0.962539 0.0411727 0.964632 0.0227772 0.962539 0.0227772 0.964632 0.0411727 0.960446 0.0411727 0.960446 0.0227772 0.399785 0.0848331 0.401878 0.0664376 0.399785 0.0664376 0.939562 0.0411727 0.00834868 0.0224379 0.0102349 0.0447545 0.0102349 0.0224379 0.012121 0.0447545 0.012121 0.0224379 0.742644 0.0441847 0.740758 0.0218681 0.740758 0.0441847 0.742644 0.0218681 0.744531 0.0441847 0.744531 0.0218681 0.00834868 0.0447545 0.288319 0.0168891 0.286871 0.03432 0.288319 0.03432 0.286871 0.0168891 0.742519 0.139989 0.74252 0.137627 0.741071 0.138808 0.743967 0.138808 0.422582 0.0361959 0.42403 0.018765 0.422582 0.018765 0.42403 0.0361959 0.421134 0.0361959 0.421134 0.018765 0.303326 0.270638 0.304773 0.253207 0.303326 0.253207 0.285423 0.03432 0.177258 0.0242033 0.177258 0.0465199 0.179145 0.0242033 0.179145 0.0465199 0.0288184 0.0224379 0.0288184 0.0447545 0.0307046 0.0224379 0.0307046 0.0447545 0.0325908 0.0224379 0.0325908 0.0447545 0.175372 0.0242033 0.175372 0.0465199 0.74252 0.174025 0.743967 0.174025 0.74252 0.156595 0.743967 0.156595 0.285423 0.0521065 0.286871 0.0532875 0.286871 0.0509255 0.288319 0.0521065 0.741071 0.156595 0.741071 0.174025 0.400951 0.0193399 0.399503 0.0193399 0.400951 0.0367708 0.399503 0.0367708 0.398055 0.0193399 0.398055 0.0367708 0.235911 0.0332856 0.240359 0.0309907 0.235911 0.0297726 0.240359 0.0332862 0.518904 0.0272977 0.518919 0.0334976 0.523368 0.0334976 0.518906 0.0297216 0.652943 0.0278597 0.649146 0.0336512 0.652943 0.0336497 0.649146 0.0313557 0.327948 0.034318 0.332412 0.0279248 0.327948 0.026716 0.332412 0.0343187 0.497743 0.0334976 0.502207 0.0272977 0.497743 0.0272977 0.502204 0.0297216 0.466707 0.0334958 0.46427 0.0271016 0.46427 0.0334954 0.466707 0.0277059 0.470504 0.0334976 0.470504 0.0312021 0.991651 0.807855 0.987203 0.80556 0.987203 0.807855 0.991651 0.804342 0.305016 0.03432 0.308813 0.0274371 0.305016 0.030807 0.31125 0.026716 0.31125 0.034318 0.502191 0.0334976 0.961845 0.0882174 0.966309 0.0946106 0.966309 0.0870086 0.262492 0.034318 0.264929 0.0274371 0.262492 0.026716 0.268726 0.03432 0.523368 0.0272977 0.961845 0.094611 0.65538 0.0272554 0.65538 0.0336492 0.268726 0.030807 0.421304 0.0848331 0.421304 0.0528014 0.418575 0.0848331 0.418575 0.0528014 0.9673 0.143248 0.9673 0.111217 0.964571 0.143248 0.964571 0.111217 0.961845 0.143248 0.961845 0.111217 0.42403 0.0848331 0.42403 0.0528014 0.053146 0.0256692 0.0510531 0.0256692 0.053146 0.0506877 0.0510531 0.0506877 0.991389 0.78603 0.989296 0.784323 0.989296 0.787736 0.987203 0.78603 0.0552395 0.0506877 0.0552395 0.0256692 0.154488 0.0492219 0.156582 0.0492219 0.154488 0.0242033 0.156582 0.0242033 0.158675 0.0492219 0.158675 0.0242033 0.0773918 0.0492204 0.0746643 0.0256692 0.0746643 0.0492204 0.0719369 0.0256692 0.0719369 0.0492204 0.0968166 0.0256692 0.0995441 0.0492204 0.0995441 0.0256692 0.0968166 0.0492204 0.0940892 0.0256692 0.0940892 0.0492204 0.0773918 0.0256692 0.719874 0.0441847 0.721968 0.0257879 0.719874 0.0257879 0.721968 0.0441847 0.989296 0.764304 0.989296 0.767717 0.991389 0.76601 0.987203 0.76601 0.547109 0.098637 0.545016 0.117034 0.547109 0.117034 0.545016 0.098637 0.549203 0.098637 0.549203 0.117034 0.724061 0.0257879 0.724061 0.0441847 0.285577 0.093948 0.277866 0.0716784 0.282998 0.0948309 0.275287 0.0725623 0.0135061 0.111991 0.0212167 0.0897224 0.0109274 0.111108 0.0186379 0.0888386 0.00834868 0.110224 0.0160592 0.0879557 0.288155 0.0930642 0.280445 0.0707958 0.983423 0.0227772 0.98133 0.0233338 0.983423 0.0401711 0.98133 0.0407265 0.991389 0.705709 0.989296 0.704095 0.989296 0.707322 0.987203 0.705709 0.985516 0.0407265 0.985516 0.0233338 0.891413 0.0362813 0.893507 0.0368379 0.891413 0.0188886 0.893507 0.019444 0.8956 0.0362813 0.8956 0.0188886 0.505926 0.184189 0.513673 0.176485 0.24491 0.0695432 0.240135 0.0713457 0.235911 0.0717528 0.235911 0.0608225 0.542582 0.205235 0.534835 0.212939 0.210214 0.0695432 0.214989 0.0713457 0.542582 0.184189 0.534835 0.176485 0.210923 0.0925597 0.210214 0.0883583 0.235911 0.0498917 0.0706444 0.0898622 0.0816352 0.0898622 0.0896813 0.0898622 0.088972 0.0856608 0.219213 0.0717528 0.219213 0.0608225 0.247579 0.0925597 0.248288 0.0883583 0.219213 0.0498917 0.580767 0.17771 0.582111 0.163275 0.567469 0.16327 0.567216 0.177316 0.559279 0.16317 0.559934 0.177162 0.713898 0.129415 0.721429 0.143406 0.724374 0.129415 0.713898 0.143406 0.719344 0.163931 0.561976 0.197687 0.570247 0.207781 0.58154 0.212939 0.947601 0.0577782 0.95327 0.0690088 0.95564 0.0577782 0.947601 0.0690088 0.713898 0.174025 0.721937 0.174025 0.713898 0.163931 0.153582 0.160884 0.13894 0.160889 0.140283 0.175325 0.153834 0.17493 0.161771 0.160785 0.161117 0.174776 0.703422 0.129415 0.706367 0.143406 0.708452 0.163931 0.705859 0.174025 0.939562 0.0577782 0.941932 0.0690088 0.150803 0.205396 0.13951 0.210554 0.159074 0.195301 0.734501 0.207155 0.722831 0.210927 0.734501 0.214697 0.730044 0.220799 0.722831 0.22313 0.715619 0.220799 0.710836 0.227347 0.722831 0.231222 0.734827 0.227347 0.742241 0.217198 0.576116 0.134879 0.576116 0.122336 0.56832 0.132379 0.56832 0.124837 0.742241 0.204654 0.730044 0.201055 0.734827 0.194506 0.722831 0.198723 0.715619 0.201055 0.711162 0.207155 0.711162 0.214697 0.658967 0.127366 0.658967 0.119824 0.651171 0.129866 0.651171 0.117322 0.645176 0.130459 0.645176 0.116744 0.651171 0.107176 0.645176 0.105647 0.357413 0.0593386 0.369409 0.0593386 0.356288 0.0533763 0.369409 0.0533763 0.38253 0.0533763 0.381405 0.0593386 0.582111 0.121757 0.582111 0.11066 0.576116 0.112188 0.582111 0.135472 0.582111 0.146565 0.576116 0.145028 0.632448 0.0560651 0.631334 0.0501032 0.619339 0.0560651 0.619339 0.0501032 0.607343 0.0501032 0.606229 0.0560651 0.645176 0.141551 0.651171 0.140015 0.703422 0.217198 0.722831 0.190631 0.710836 0.194507 0.703422 0.204654 0.675664 0.141551 0.684603 0.141551 0.422217 0.275863 0.447176 0.275863 0.413081 0.266777 0.456312 0.266777 0.409737 0.254367 0.459656 0.254367 0.413081 0.241955 0.456312 0.241955 0.422217 0.232869 0.447176 0.232869 0.434696 0.229545 0.434696 0.279189 0.368767 0.0848331 0.368767 0.0759439 0.356288 0.0848331 0.356288 0.0759439 0.675664 0.0985582 0.675664 0.107644 0.684603 0.0985582 0.684603 0.107644 0.381247 0.0759439 0.381247 0.0848331 0.219152 0.113914 0.210214 0.113914 0.219152 0.122999 0.210214 0.122999 0.219152 0.156907 0.210214 0.156907 0.489229 0.085588 0.489229 0.0766988 0.476749 0.085588 0.476749 0.0766988 0.46427 0.085588 0.46427 0.0766988 0.677646 0.70374 0.680157 0.709769 0.680912 0.700492 0.684776 0.709769 0.59872 0.717047 0.601522 0.717047 0.59872 0.70777 0.601522 0.706627 0.569212 0.721362 0.558734 0.721362 0.568063 0.724148 0.558734 0.724148 0.671583 0.696649 0.671583 0.701242 0.671583 0.709769 0.677646 0.715798 0.680912 0.719047 0.59872 0.726325 0.601522 0.727468 0.621851 0.72792 0.621851 0.717047 0.608406 0.706474 0.621851 0.706177 0.569366 0.714516 0.558734 0.714516 0.548256 0.721362 0.548095 0.714158 0.747518 0.69401 0.747518 0.704591 0.754762 0.69417 0.754762 0.704591 0.757564 0.695314 0.757564 0.704591 0.65839 0.709769 0.66301 0.709769 0.662254 0.700492 0.665521 0.70374 0.665521 0.715798 0.671583 0.718296 0.671583 0.72289 0.662254 0.719047 0.715793 0.704694 0.706464 0.704694 0.715793 0.707481 0.705315 0.707481 0.715793 0.714024 0.705153 0.714684 0.747518 0.715173 0.754762 0.715011 0.757564 0.713869 0.726391 0.71283 0.726271 0.707481 0.725121 0.704694 0.487939 0.319123 0.502889 0.319455 0.48256 0.319003 0.549406 0.724148</float_array>
                    <technique_common>
                        <accessor count="1233" source="#ID28" stride="2">
                            <param name="S" type="float"/>
                            <param name="T" type="float"/>
                        </accessor>
                    </technique_common>
                </source>
                <vertices id="ID29">
                    <input semantic="POSITION" source="#ID23"/>
                </vertices>
                <polylist count="1692" material="Material1">
                    <input offset="0" semantic="VERTEX" source="#ID29"/>
                    <input offset="1" semantic="NORMAL" source="#ID25"/>
                    <input offset="2" semantic="TEXCOORD" source="#ID27" set="0"/>
                    <vcount>3 3 3 3 3 3 3 3 3 3 3 3 3 3 3 3 3 3 3 3 3 3 3 3 3 3 3 3 3 3 3 3 3 3 3 3 3 3 3 3 3 3 3 3 3 3 3 3 3 3 3 3 3 3 3 3 3 3 3 3 3 3 3 3 3 3 3 3 3 3 3 3 3 3 3 3 3 3 3 3 3 3 3 3 3 3 3 3 3 3 3 3 3 3 3 3 3 3 3 3 3 3 3 3 3 3 3 3 3 3 3 3 3 3 3 3 3 3 3 3 3 3 3 3 3 3 3 3 3 3 3 3 3 3 3 3 3 3 3 3 3 3 3 3 3 3 3 3 3 3 3 3 3 3 3 3 3 3 3 3 3 3 3 3 3 3 3 3 3 3 3 3 3 3 3 3 3 3 3 3 3 3 3 3 3 3 3 3 3 3 3 3 3 3 3 3 3 3 3 3 3 3 3 3 3 3 3 3 3 3 3 3 3 3 3 3 3 3 3 3 3 3 3 3 3 3 3 3 3 3 3 3 3 3 3 3 3 3 3 3 3 3 3 3 3 3 3 3 3 3 3 3 3 3 3 3 3 3 3 3 3 3 3 3 3 3 3 3 3 3 3 3 3 3 3 3 3 3 3 3 3 3 3 3 3 3 3 3 3 3 3 3 3 3 3 3 3 3 3 3 3 3 3 3 3 3 3 3 3 3 3 3 3 3 3 3 3 3 3 3 3 3 3 3 3 3 3 3 3 3 3 3 3 3 3 3 3 3 3 3 3 3 3 3 3 3 3 3 3 3 3 3 3 3 3 3 3 3 3 3 3 3 3 3 3 3 3 3 3 3 3 3 3 3 3 3 3 3 3 3 3 3 3 3 3 3 3 3 3 3 3 3 3 3 3 3 3 3 3 3 3 3 3 3 3 3 3 3 3 3 3 3 3 3 3 3 3 3 3 3 3 3 3 3 3 3 3 3 3 3 3 3 3 3 3 3 3 3 3 3 3 3 3 3 3 3 3 3 3 3 3 3 3 3 3 3 3 3 3 3 3 3 3 3 3 3 3 3 3 3 3 3 3 3 3 3 3 3 3 3 3 3 3 3 3 3 3 3 3 3 3 3 3 3 3 3 3 3 3 3 3 3 3 3 3 3 3 3 3 3 3 3 3 3 3 3 3 3 3 3 3 3 3 3 3 3 3 3 3 3 3 3 3 3 3 3 3 3 3 3 3 3 3 3 3 3 3 3 3 3 3 3 3 3 3 3 3 3 3 3 3 3 3 3 3 3 3 3 3 3 3 3 3 3 3 3 3 3 3 3 3 3 3 3 3 3 3 3 3 3 3 3 3 3 3 3 3 3 3 3 3 3 3 3 3 3 3 3 3 3 3 3 3 3 3 3 3 3 3 3 3 3 3 3 3 3 3 3 3 3 3 3 3 3 3 3 3 3 3 3 3 3 3 3 3 3 3 3 3 3 3 3 3 3 3 3 3 3 3 3 3 3 3 3 3 3 3 3 3 3 3 3 3 3 3 3 3 3 3 3 3 3 3 3 3 3 3 3 3 3 3 3 3 3 3 3 3 3 3 3 3 3 3 3 3 3 3 3 3 3 3 3 3 3 3 3 3 3 3 3 3 3 3 3 3 3 3 3 3 3 3 3 3 3 3 3 3 3 3 3 3 3 3 3 3 3 3 3 3 3 3 3 3 3 3 3 3 3 3 3 3 3 3 3 3 3 3 3 3 3 3 3 3 3 3 3 3 3 3 3 3 3 3 3 3 3 3 3 3 3 3 3 3 3 3 3 3 3 3 3 3 3 3 3 3 3 3 3 3 3 3 3 3 3 3 3 3 3 3 3 3 3 3 3 3 3 3 3 3 3 3 3 3 3 3 3 3 3 3 3 3 3 3 3 3 3 3 3 3 3 3 3 3 3 3 3 3 3 3 3 3 3 3 3 3 3 3 3 3 3 3 3 3 3 3 3 3 3 3 3 3 3 3 3 3 3 3 3 3 3 3 3 3 3 3 3 3 3 3 3 3 3 3 3 3 3 3 3 3 3 3 3 3 3 3 3 3 3 3 3 3 3 3 3 3 3 3 3 3 3 3 3 3 3 3 3 3 3 3 3 3 3 3 3 3 3 3 3 3 3 3 3 3 3 3 3 3 3 3 3 3 3 3 3 3 3 3 3 3 3 3 3 3 3 3 3 3 3 3 3 3 3 3 3 3 3 3 3 3 3 3 3 3 3 3 3 3 3 3 3 3 3 3 3 3 3 3 3 3 3 3 3 3 3 3 3 3 3 3 3 3 3 3 3 3 3 3 3 3 3 3 3 3 3 3 3 3 3 3 3 3 3 3 3 3 3 3 3 3 3 3 3 3 3 3 3 3 3 3 3 3 3 3 3 3 3 3 3 3 3 3 3 3 3 3 3 3 3 3 3 3 3 3 3 3 3 3 3 3 3 3 3 3 3 3 3 3 3 3 3 3 3 3 3 3 3 3 3 3 3 3 3 3 3 3 3 3 3 3 3 3 3 3 3 3 3 3 3 3 3 3 3 3 3 3 3 3 3 3 3 3 3 3 3 3 3 3 3 3 3 3 3 3 3 3 3 3 3 3 3 3 3 3 3 3 3 3 3 3 3 3 3 3 3 3 3 3 3 3 3 3 3 3 3 3 3 3 3 3 3 3 3 3 3 3 3 3 3 3 3 3 3 3 3 3 3 3 3 3 3 3 3 3 3 3 3 3 3 3 3 3 3 3 3 3 3 3 3 3 3 3 3 3 3 3 3 3 3 3 3 3 3 3 3 3 3 3 3 3 3 3 3 3 3 3 3 3 3 3 3 3 3 3 3 3 3 3 3 3 3 3 3 3 3 3 3 3 3 3 3 3 3 3 3 3 3 3 3 3 3 3 3 3 3 3 3 3 3 3 3 3 3 3 3 3 3 3 3 3 3 3 3 3 3 3 3 3 3 3 3 3 3 3 3 3 3 3 3 3 3 3 3 3 3 3 3 3 3 3 3 3 3 3 3 3 3 3 3 3 3 3 3 3 3 3 3 3 3 3 3 3 3 3 3 3 3 3 3 3 3 3 3 3 3 3 3 3 3 3 3 3 3 3 3 3 3 3 3 3 3 3 3 3 3 3 3 3 3 3 3 3 3 3 3 3 3 3 3 3 3 3 3 3 3 3 3 3 3 3 3 3 3 3 3 3 3 3 3 3 3 3 3 3 3 3 3 3 3 3 3 3 3 3 3 3 3 3 3 3 3 3 3 3 3 3 3 3 3 3 3 3 3 3 3 3 3 3 3 3 3 3 3 3 3 3 3 3 3 3 3 3 3 3 3 3 3 3 3 3 3 3 3 3 3 3 3 3 3 3 3 3 3 3 3 3 3 3 3 3 3 3 3 3 3 3 3 3 3 3 3 3 3 3 3 3 3 3 3 3 3 3 3 3 3 3 3 3 3 3 3 3 3 3 3 3 3 3 3 3 3 3 3 3 3 3 3 3 3 3 3 3 3 3 3 3 3 3 3 3 3 3 3 3 3 3 3 3 3 3 3 3 3 3 3 3 3 3 3 3 3 3 3 3 3 3 3 3 3 3 3 3 3 3 3 3 3 3 3 3 3 3 3 3 3 3 3 3 3 3 3 3 3 3 3 3 3 3 3 3 3 3 3 3 3 3 3 3 3 3 3 3 3 3 3 3 3 3 3 3 3 3 3 3 3 3 3 3 3 3 3 3 3 3 3 3 3 3 3 3 3 3 3 3 3 3 3 3 3 3 3 3 3 3 3 3 3 3 3 3 3 3 3</vcount>
                    <p>2 0 2 1 1 1 0 0 0 3 3 5 2 2 4 0 2 3 2 2 4 3 3 5 4 4 6 5 5 7 4 4 6 3 3 5 4 4 6 5 5 7 6 5 8 7 8 11 6 7 10 5 6 9 6 7 10 7 8 11 8 9 12 11 12 15 10 11 14 9 10 13 10 11 14 11 12 15 12 13 16 15 16 19 14 15 18 13 14 17 16 17 20 13 14 17 14 15 18 13 14 17 17 18 21 15 16 19 18 19 22 15 16 19 17 18 21 21 22 25 20 21 24 19 20 23 22 23 26 19 20 23 20 21 24 22 23 26 20 21 24 23 24 27 24 24 30 23 24 29 20 21 28 27 26 33 26 26 32 25 25 31 28 27 34 25 25 31 26 26 32 31 30 37 30 29 36 29 28 35 30 29 36 31 30 37 32 31 38 35 34 41 34 33 40 33 32 39 34 33 40 35 34 41 36 35 42 39 38 45 38 37 44 37 36 43 40 39 46 38 37 44 39 38 45 40 39 46 41 40 47 38 37 44 41 40 47 40 39 46 42 41 48 45 44 51 44 43 50 43 42 49 46 45 52 43 42 49 44 43 50 45 48 55 47 47 54 44 46 53 46 49 56 44 46 53 47 47 54 50 52 59 49 51 58 48 50 57 48 50 57 49 51 58 51 53 60 51 53 63 52 54 62 48 50 61 55 57 66 54 56 65 53 55 64 53 55 64 54 56 65 51 53 67 51 53 63 54 56 68 52 54 62 58 60 71 57 59 70 56 58 69 57 59 70 58 60 71 59 61 72 59 61 75 58 60 74 60 62 73 59 61 75 60 62 73 61 63 76 52 54 62 59 61 75 61 63 76 59 61 75 52 54 62 54 56 68 55 57 66 59 61 72 54 56 65 59 61 72 55 57 66 57 59 70 57 64 79 55 64 78 42 64 77 41 40 47 42 41 48 55 57 66 64 67 82 63 66 81 62 65 80 63 66 81 66 69 84 65 68 83 66 69 84 63 66 81 64 67 82 67 70 85 66 69 84 64 67 82 68 71 86 66 69 84 67 70 85 34 33 40 68 71 86 69 72 87 38 37 44 68 71 86 34 33 40 68 71 86 38 37 44 66 69 84 41 40 47 66 69 84 38 37 44 66 69 84 41 40 47 55 57 66 66 69 84 55 57 66 53 55 64 66 69 84 53 55 64 65 68 83 70 73 90 65 68 89 53 55 88 70 73 90 53 55 88 51 53 60 49 51 58 70 73 90 51 53 60 73 76 93 72 75 92 71 74 91 71 74 91 72 75 92 70 73 90 71 74 91 70 73 90 49 51 58 71 74 91 49 51 58 50 52 59 74 77 94 71 74 91 50 52 59 74 77 94 50 52 59 75 78 95 50 52 59 76 79 96 75 78 95 76 79 96 50 52 59 48 50 57 76 79 98 48 50 61 77 80 97 52 54 62 77 80 97 48 50 61 77 80 97 52 54 62 78 81 99 61 63 76 78 81 99 52 54 62 78 81 99 61 63 76 79 82 100 61 63 76 80 83 101 79 82 100 80 83 101 61 63 76 60 62 73 81 84 104 80 83 103 60 62 102 84 87 107 83 86 106 82 85 105 84 87 107 85 88 108 83 86 106 86 89 109 85 88 108 84 87 107 81 84 104 85 88 108 86 89 109 85 88 108 81 84 104 60 62 102 85 88 108 60 62 102 58 60 110 85 88 108 58 60 110 83 86 106 83 86 106 58 60 110 56 58 111 83 86 106 56 58 111 82 85 105 87 90 112 33 32 39 34 33 40 34 33 40 88 91 113 38 37 44 88 91 113 34 33 40 36 35 42 39 38 45 89 92 114 40 39 46 90 93 117 40 93 116 89 93 115 88 91 113 37 36 43 38 37 44 40 39 46 57 59 70 42 41 48 57 59 70 40 39 46 90 94 118 91 95 119 57 59 70 90 94 118 92 96 120 57 59 70 91 95 119 92 96 120 56 58 69 57 59 70 56 58 69 92 96 120 93 97 121 94 98 122 56 58 69 93 97 121 94 98 123 82 85 105 56 58 111 82 85 105 94 98 123 95 99 124 95 99 127 96 100 126 82 85 125 96 100 130 84 87 129 82 85 128 84 87 129 96 100 130 97 101 131 84 87 134 97 101 133 98 102 132 101 105 137 100 104 136 99 103 135 102 106 140 101 105 139 99 103 138 101 105 139 102 106 140 103 107 141 104 108 142 103 107 141 102 106 140 104 108 142 102 106 140 105 109 143 108 112 146 107 111 145 106 110 144 107 111 145 108 112 146 109 113 147 110 114 150 107 111 149 109 113 148 113 117 153 112 116 152 111 115 151 111 115 151 112 116 152 114 118 154 111 115 151 114 118 154 115 119 155 114 118 154 116 120 156 115 119 155 114 118 154 117 121 157 116 120 156 116 120 160 117 121 159 118 122 158 119 123 161 118 122 158 117 121 159 118 122 158 119 123 161 120 124 162 118 122 158 120 124 162 121 125 163 121 125 166 120 124 165 122 126 164 123 127 167 121 125 166 122 126 164 123 127 167 115 119 155 121 125 166 111 115 151 115 119 155 123 127 167 124 128 168 111 115 151 123 127 167 124 128 168 113 117 153 111 115 151 113 117 171 124 128 170 125 129 169 125 129 169 124 128 170 126 130 172 126 130 173 124 128 168 123 127 167 126 130 173 123 127 167 127 131 174 127 131 174 123 127 167 128 132 175 123 127 167 122 126 164 128 132 175 126 130 172 127 131 177 129 133 176 130 134 178 126 130 172 129 133 176 125 129 169 126 130 172 130 134 178 131 135 179 125 129 169 130 134 178 113 117 171 125 129 169 131 135 179 131 135 179 130 134 178 132 136 180 130 134 178 129 133 176 132 136 180 115 119 155 116 120 156 121 125 166 116 120 160 118 122 158 121 125 163 135 139 183 134 138 182 133 137 181 134 138 182 135 139 183 136 140 184 137 141 185 136 140 184 135 139 183 138 144 188 137 143 187 135 142 186 139 145 189 137 143 187 138 144 188 140 146 190 139 145 189 138 144 188 141 147 191 139 145 189 140 146 190 142 148 192 141 147 191 140 146 190 143 149 193 142 148 192 140 146 190 143 149 193 144 150 194 142 148 192 143 149 193 140 146 190 145 151 195 140 146 190 44 152 196 145 151 195 44 152 196 140 146 190 146 153 197 140 146 190 138 144 188 146 153 197 138 144 188 135 142 186 146 153 197 146 153 197 135 142 186 133 154 198 146 153 197 133 154 198 147 155 199 133 137 181 134 138 182 147 156 200 146 153 197 147 155 199 148 157 201 149 158 202 146 153 197 148 157 201 146 153 197 149 158 202 44 152 196 44 152 196 149 158 202 150 159 203 149 158 202 151 160 204 150 159 203 149 158 202 152 161 205 151 160 204 152 161 205 149 158 202 148 157 201 150 159 203 151 160 204 145 151 195 153 162 206 145 151 195 151 160 204 154 163 207 145 151 195 153 162 206 155 164 208 145 151 195 154 163 207 143 149 193 145 151 195 155 164 208 44 152 196 150 159 203 145 151 195 158 167 211 157 166 210 156 165 209 158 169 213 43 42 49 157 168 212 157 168 212 43 42 49 159 170 214 43 42 49 160 171 215 159 170 214 157 166 210 159 173 217 161 172 216 157 166 210 161 172 216 156 165 209 156 176 220 161 175 219 152 174 218 152 174 218 161 175 219 162 177 221 47 178 222 156 176 220 152 174 218 47 178 222 163 179 223 156 176 220 158 167 211 156 165 209 163 180 224 46 45 52 160 171 215 43 42 49 162 183 227 160 182 226 46 181 225 161 184 228 160 182 226 162 183 227 161 184 228 159 185 229 160 182 226 162 183 227 46 181 225 164 186 230 164 187 231 46 49 56 47 47 54 152 174 218 164 188 232 47 178 222 162 177 221 164 188 232 152 174 218 167 191 235 166 190 234 165 189 233 168 192 238 166 190 237 167 191 236 168 192 238 169 193 239 166 190 237 170 194 240 169 193 239 168 192 238 171 195 241 170 194 240 168 192 238 172 196 242 170 194 240 171 195 241 173 197 243 172 196 242 171 195 241 174 198 244 173 197 243 171 195 241 175 199 245 173 197 243 174 198 244 176 200 246 175 199 245 174 198 244 131 201 247 175 199 245 176 200 246 131 201 247 132 202 248 175 199 245 131 201 247 176 200 246 177 203 249 178 204 252 177 203 251 176 200 250 179 205 253 177 203 251 178 204 252 180 206 254 177 203 251 179 205 253 180 206 257 179 205 256 181 207 255 179 205 260 182 208 259 181 207 258 179 205 260 183 209 261 182 208 259 178 204 262 183 209 261 179 205 260 178 204 262 184 210 263 183 209 261 178 204 262 174 198 244 184 210 263 176 200 246 174 198 244 178 204 262 174 198 244 171 195 241 184 210 263 184 210 263 171 195 241 185 211 264 171 195 241 186 212 265 185 211 264 171 195 241 168 192 238 186 212 265 186 212 265 168 192 238 167 191 236 187 213 266 186 212 265 167 191 236 188 214 267 186 212 265 187 213 266 185 211 264 186 212 265 188 214 267 184 210 263 185 211 264 188 214 267 184 210 263 188 214 267 183 209 261 183 209 261 188 214 267 182 208 259 188 214 267 187 213 266 182 208 259 182 208 259 187 213 266 189 215 268 187 213 266 167 191 236 189 215 268 189 215 269 167 191 235 165 189 233 190 216 270 189 215 269 165 189 233 190 216 272 181 207 255 189 215 271 191 217 273 181 207 255 190 216 272 191 217 273 180 206 257 181 207 255 182 208 259 189 215 268 181 207 258 166 190 237 169 193 239 119 218 274 119 218 274 117 219 275 166 190 237 165 189 276 166 190 237 117 219 275 193 222 279 153 221 278 192 220 277 153 221 278 151 223 280 192 220 277 151 223 280 194 224 281 192 220 277 152 225 282 194 224 281 151 223 280 152 225 282 195 226 283 194 224 281 195 226 283 152 225 282 148 227 284 196 228 285 195 226 283 148 227 284 195 226 283 196 228 285 192 220 277 192 220 277 196 228 285 197 229 286 197 229 286 196 228 285 198 230 287 196 228 285 136 231 288 198 230 287 196 228 285 134 232 289 136 231 288 196 228 285 147 233 290 134 232 289 148 227 284 147 233 290 196 228 285 198 230 287 136 231 288 137 234 291 198 230 287 137 234 291 139 235 292 197 229 286 198 230 287 139 235 292 197 229 286 139 235 292 141 236 293 199 237 294 197 229 286 141 236 293 199 237 294 192 220 277 197 229 286 193 222 279 192 220 277 199 237 294 199 237 294 141 236 293 142 238 295 199 237 294 142 238 295 144 239 296 195 240 299 192 240 298 194 240 297 202 243 302 201 242 301 200 241 300 201 242 301 202 243 302 203 244 303 201 242 301 203 244 303 204 245 304 204 245 304 203 244 303 205 246 305 204 245 304 205 246 305 206 247 306 206 247 306 205 246 305 207 248 307 206 247 306 207 248 307 208 249 308 208 249 308 207 248 307 209 250 309 208 249 308 209 250 309 210 251 310 210 251 310 209 250 309 211 252 311 214 255 314 213 254 313 212 253 312 215 256 317 213 254 316 214 255 315 213 254 316 215 256 317 216 257 318 217 258 319 213 254 316 216 257 318 213 254 316 217 258 319 218 259 320 219 260 321 218 259 320 217 258 319 218 259 320 219 260 321 220 261 322 221 262 323 220 261 322 219 260 321 220 261 322 221 262 323 222 263 324 223 264 325 222 263 324 221 262 323 222 263 324 223 264 325 224 265 326 223 264 325 225 266 327 224 265 326 225 266 327 223 264 325 226 267 328 227 268 329 225 266 327 226 267 328 225 266 327 227 268 329 32 31 330 32 271 333 227 270 332 228 269 331 229 272 334 32 271 333 228 269 331 32 271 333 229 272 334 230 273 335 231 274 338 230 273 337 229 272 336 230 273 337 231 274 338 232 275 339 231 274 338 97 101 133 232 275 339 97 101 133 231 274 338 98 102 132 95 99 127 232 275 340 96 100 126 232 275 340 95 99 127 30 29 36 95 99 124 94 98 123 30 29 341 233 276 342 37 36 43 88 91 113 91 95 119 37 36 43 233 276 342 37 36 43 91 95 119 90 94 118 90 94 118 39 38 45 37 36 43 39 38 45 90 94 118 89 92 114 233 276 342 92 96 120 91 95 119 92 96 120 233 276 342 29 28 35 234 277 343 29 28 35 233 276 342 29 28 35 234 277 343 31 30 37 235 278 344 31 30 37 234 277 343 235 278 344 32 31 38 31 30 37 225 266 345 32 31 38 235 278 344 236 279 346 225 266 345 235 278 344 224 265 347 225 266 345 236 279 346 224 265 347 236 279 346 237 280 348 237 280 348 236 279 346 199 281 349 199 281 349 236 279 346 235 278 344 199 281 349 235 278 344 193 282 350 193 282 350 235 278 344 234 277 343 193 282 350 234 277 343 153 283 351 153 283 351 234 277 343 238 284 352 234 277 343 87 90 112 238 284 352 87 90 112 234 277 343 33 32 39 234 277 343 35 34 41 33 32 39 234 277 343 36 35 42 35 34 41 36 35 42 234 277 343 233 276 342 36 35 42 233 276 342 88 91 113 69 72 87 87 90 112 34 33 40 87 90 112 69 72 87 239 285 353 68 71 86 239 285 353 69 72 87 239 285 353 68 71 86 238 284 352 68 71 86 240 286 354 238 284 352 240 286 354 68 71 86 67 70 85 64 67 82 240 286 354 67 70 85 240 286 354 64 67 82 241 287 355 241 287 355 64 67 82 62 65 80 241 287 355 62 65 80 63 66 81 72 75 92 241 287 357 63 66 356 242 288 358 241 287 357 72 75 92 242 288 358 243 289 359 241 287 357 243 289 359 242 288 358 244 290 360 245 291 361 244 290 360 242 288 358 244 290 360 245 291 361 246 292 362 246 292 362 247 293 363 244 290 360 247 293 363 246 292 362 248 294 364 248 294 364 249 295 365 247 293 363 249 295 365 248 294 364 250 296 366 250 296 366 251 297 367 249 295 365 251 297 367 250 296 366 252 298 368 253 299 369 251 297 367 252 298 368 253 299 369 254 300 370 251 297 367 253 299 369 255 301 371 254 300 370 255 301 371 256 302 372 254 300 370 254 300 370 256 302 372 257 303 373 258 304 376 257 303 375 256 302 374 259 305 377 257 303 375 258 304 376 259 305 377 260 306 378 257 303 375 212 253 312 260 306 378 259 305 377 212 253 312 261 307 379 260 306 378 218 259 320 261 307 381 212 253 380 218 259 320 220 261 322 261 307 381 220 261 322 222 263 324 261 307 381 261 307 379 222 263 383 262 308 382 222 263 383 237 280 348 262 308 382 222 263 383 224 265 347 237 280 348 262 308 382 237 280 348 144 309 384 237 280 348 199 281 349 144 309 384 262 308 382 144 309 384 263 310 385 263 310 385 144 309 384 264 311 386 144 309 384 143 149 387 264 311 386 265 312 389 264 311 388 143 149 193 264 311 386 265 312 391 266 313 390 266 313 390 265 312 391 267 314 392 265 312 391 268 315 393 267 314 392 268 315 394 265 312 389 155 164 208 265 312 389 143 149 193 155 164 208 268 315 394 155 164 208 154 163 207 268 315 393 154 163 396 269 316 395 154 163 396 153 283 351 269 316 395 153 283 351 238 284 352 269 316 395 269 316 395 238 284 352 240 286 354 243 289 397 269 316 395 240 286 354 243 289 397 268 315 393 269 316 395 268 315 393 243 289 397 270 317 398 244 290 360 270 317 399 243 289 359 270 317 399 244 290 360 247 293 363 249 295 365 270 317 399 247 293 363 271 318 400 270 317 399 249 295 365 266 313 390 270 319 398 271 318 401 270 64 404 266 64 403 267 64 402 267 314 392 268 315 393 270 317 398 271 318 401 264 311 386 266 313 390 272 320 405 264 311 386 271 318 401 263 310 385 264 311 386 272 320 405 260 306 378 263 310 385 272 320 405 261 307 379 263 310 385 260 306 378 261 307 379 262 308 382 263 310 385 260 306 378 272 320 405 271 318 401 260 306 378 271 318 401 257 303 375 254 300 370 257 303 373 271 318 400 254 300 370 271 318 400 251 297 367 251 297 367 271 318 400 249 295 365 243 289 397 240 286 354 241 287 355 213 254 316 218 259 320 212 253 380 273 321 406 212 253 312 259 305 377 214 255 314 212 253 312 273 321 406 274 322 407 214 255 314 273 321 406 274 323 410 215 256 409 214 255 408 215 256 409 274 323 410 275 324 411 276 325 412 275 324 411 274 323 410 242 288 358 73 76 93 245 291 361 73 76 93 242 288 358 72 75 92 72 75 92 63 66 356 65 68 89 72 75 92 65 68 89 70 73 90 238 284 352 87 90 112 239 285 353 94 98 122 29 28 35 30 29 36 29 28 35 94 98 122 93 97 121 29 28 35 93 97 121 92 96 120 32 31 38 232 275 340 30 29 36 232 275 340 32 31 38 230 326 413 96 100 130 232 275 414 97 101 131 25 25 31 28 27 34 14 15 415 26 329 418 24 328 417 28 327 416 24 328 417 20 330 419 28 327 416 20 330 419 21 331 420 28 327 416 21 331 420 17 332 421 28 327 416 17 18 21 21 22 25 18 19 22 19 20 23 18 19 22 21 22 25 17 332 421 13 333 422 28 327 416 13 333 422 16 334 423 28 327 416 16 17 424 14 15 415 28 27 34 277 337 427 4 336 426 6 335 425 277 337 427 2 338 428 4 336 426 277 337 427 278 339 429 2 338 428 277 337 427 11 340 430 278 339 429 12 341 431 11 340 430 277 337 427 10 344 434 279 343 433 9 342 432 280 345 435 279 343 433 10 344 434 280 345 435 281 346 436 279 343 433 281 346 436 282 347 437 279 343 433 281 349 440 283 348 439 282 347 438 277 337 427 283 348 439 281 349 440 277 337 427 6 335 425 283 348 439 283 348 439 6 335 425 8 9 441 9 342 432 279 343 433 1 350 442 1 350 442 279 343 433 0 351 443 279 343 433 3 352 444 0 351 443 279 343 433 5 353 445 3 352 444 279 343 433 7 8 446 5 353 445 279 343 433 282 347 437 7 8 446 8 9 12 7 8 11 282 347 447 283 348 439 8 9 441 282 347 438 127 354 448 211 354 311 209 354 309 9 10 13 278 355 449 11 12 15 278 355 449 9 10 13 1 1 1 1 1 1 2 0 2 278 355 449 110 114 150 109 113 148 284 356 450 284 356 453 286 358 452 285 357 451 109 113 147 286 358 452 284 356 453 109 113 147 287 359 454 286 358 452 108 112 146 287 359 454 109 113 147 108 112 146 288 360 455 287 359 454 289 361 456 288 360 455 108 112 146 106 110 144 289 361 456 108 112 146 289 361 456 106 110 144 290 362 457 290 362 460 291 363 459 289 361 458 292 364 461 291 363 459 290 362 460 292 364 461 293 365 462 291 363 459 293 365 462 292 364 461 294 366 463 295 367 464 293 365 462 294 366 463 293 365 462 295 367 464 296 368 465 299 371 468 298 370 467 297 369 466 299 371 468 297 369 466 300 372 469 295 367 470 299 371 468 300 372 469 295 367 464 300 372 471 296 368 465 300 372 471 301 373 472 296 368 465 297 369 466 301 373 473 300 372 469 301 373 473 297 369 466 104 108 142 301 373 473 104 108 142 105 109 143 301 373 473 105 109 143 302 374 474 302 377 477 205 376 476 203 375 475 205 376 476 302 377 477 105 378 478 105 378 478 207 379 479 205 376 476 207 379 479 105 378 478 102 380 480 102 380 480 209 381 481 207 379 479 209 381 481 102 380 480 99 382 482 100 383 485 209 381 484 99 382 483 209 381 484 100 383 485 211 384 486 211 384 486 303 386 488 210 385 487 303 386 488 211 384 486 100 383 485 304 388 490 303 387 489 100 104 136 101 105 137 304 388 490 100 104 136 101 105 137 305 389 491 304 388 490 305 389 491 101 105 137 306 390 492 103 107 141 306 390 493 101 105 139 306 390 493 103 107 141 307 391 494 104 108 142 307 391 494 103 107 141 307 391 494 104 108 142 297 369 466 298 370 467 307 391 494 297 369 466 298 370 467 308 392 495 307 391 494 307 391 497 308 392 496 306 390 492 308 392 496 309 393 498 306 390 492 310 394 499 306 390 492 309 393 498 306 390 492 310 394 499 305 389 491 110 114 150 305 389 491 310 394 499 305 389 491 110 114 150 284 356 450 285 357 500 305 389 491 284 356 450 305 389 491 285 357 500 304 388 490 304 388 490 285 357 500 303 387 489 285 357 451 311 395 502 303 387 501 286 358 452 311 395 502 285 357 451 286 358 452 312 396 503 311 395 502 287 359 454 312 396 503 286 358 452 287 359 454 313 397 504 312 396 503 288 360 455 313 397 504 287 359 454 316 400 507 315 399 506 314 398 505 315 399 506 317 401 508 314 398 505 318 402 509 314 398 505 317 401 508 314 398 505 318 402 509 319 403 510 313 397 511 319 403 510 318 402 509 319 403 510 313 397 511 288 360 512 319 403 510 288 360 512 289 361 458 319 403 510 289 361 458 291 363 459 293 365 462 319 403 510 291 363 459 319 403 510 293 365 462 314 398 505 296 368 465 314 398 505 293 365 462 314 398 505 296 368 465 316 400 507 301 373 472 316 400 507 296 368 465 302 374 513 316 400 507 301 373 472 316 400 507 302 374 513 315 399 506 203 375 475 315 404 514 302 377 477 315 404 514 203 375 475 202 405 515 200 406 518 315 404 517 202 405 516 315 404 517 200 406 518 317 407 519 201 408 520 317 407 519 200 406 518 317 407 519 201 408 520 318 409 521 204 410 524 318 409 523 201 408 522 318 409 523 204 410 524 313 411 525 206 412 526 313 411 525 204 410 524 313 411 525 206 412 526 312 413 527 208 414 528 312 413 527 206 412 526 312 413 527 208 414 528 311 415 529 210 385 530 311 415 529 208 414 528 311 415 529 210 385 530 303 386 531 322 418 534 321 417 533 320 416 532 325 421 537 324 420 536 323 419 535 327 423 539 326 422 538 324 420 536 325 421 537 327 423 539 324 420 536 328 424 542 327 423 541 325 421 540 331 427 545 330 426 544 329 425 543 332 428 546 330 426 544 331 427 545 333 429 547 332 428 546 331 427 545 333 429 547 331 427 545 328 424 542 328 424 542 331 427 545 327 423 541 327 423 541 331 427 545 329 425 543 327 423 539 329 425 548 326 422 538 334 430 551 326 422 550 329 425 549 330 426 552 334 430 551 329 425 549 336 432 554 334 430 551 335 431 553 335 431 553 334 430 551 330 426 552 332 428 546 335 431 555 330 426 544 332 428 558 337 433 557 335 431 556 335 431 556 337 433 557 336 432 559 337 433 557 322 418 560 336 432 559 336 432 559 322 418 560 320 416 561 336 432 554 320 416 562 334 430 551 320 416 562 338 434 563 334 430 551 321 417 533 338 434 564 320 416 532 339 435 565 338 434 564 321 417 533 339 435 565 340 436 566 338 434 564 338 434 563 340 436 567 334 430 551 334 430 551 340 436 567 326 422 550 326 422 538 340 436 568 324 420 536 324 420 536 340 436 568 339 435 569 324 420 536 339 435 569 323 419 535 323 419 535 339 435 569 341 437 570 341 437 571 339 435 565 321 417 533 342 438 572 341 437 571 321 417 533 342 438 572 321 417 533 322 418 534 343 439 573 342 438 572 322 418 534 337 433 557 343 439 574 322 418 560 344 440 575 343 439 574 337 433 557 332 428 558 344 440 575 337 433 557 333 429 576 344 440 575 332 428 558 347 442 1 346 441 2 345 441 0 346 443 4 348 444 5 345 443 3 348 444 5 346 443 4 349 445 6 349 445 6 350 446 7 348 444 5 350 446 7 349 445 6 351 446 8 351 449 10 352 448 11 350 447 9 352 448 11 351 449 10 353 450 12 356 453 14 355 452 15 354 451 13 355 452 15 356 453 14 357 454 16 14 15 18 15 16 19 358 14 17 358 14 17 359 15 20 14 15 18 360 455 21 358 14 17 15 16 19 15 16 19 18 19 22 360 455 21 362 21 24 361 456 25 19 20 23 19 20 23 22 23 26 362 21 24 362 21 24 22 23 26 23 24 27 23 24 29 363 457 30 362 21 28 364 458 32 27 26 33 25 25 31 25 25 31 365 459 34 364 458 32 368 462 36 367 461 37 366 460 35 367 461 37 368 462 36 369 463 38 372 466 40 371 465 41 370 464 39 371 465 41 372 466 40 373 467 42 376 470 44 375 469 45 374 468 43 376 470 44 377 471 46 375 469 45 378 472 47 377 471 46 376 470 44 377 471 46 378 472 47 379 473 48 382 476 50 381 475 51 380 474 49 380 474 49 383 477 52 382 476 50 384 480 54 381 479 55 382 478 53 382 478 53 383 481 56 384 480 54 387 484 58 386 483 59 385 482 57 387 484 58 385 482 57 388 485 60 389 486 62 388 485 63 385 482 61 392 489 65 391 488 66 390 487 64 392 489 65 390 487 64 388 485 67 392 489 68 388 485 63 389 486 62 395 492 70 394 491 71 393 490 69 394 491 71 395 492 70 396 493 72 394 491 74 396 493 75 397 494 73 397 494 73 396 493 75 398 495 76 396 493 75 389 486 62 398 495 76 389 486 62 396 493 75 392 489 68 396 493 72 391 488 66 392 489 65 391 488 66 396 493 72 395 492 70 391 319 78 395 319 79 379 319 77 379 473 48 378 472 47 391 488 66 401 498 81 400 497 82 399 496 80 403 500 84 401 498 81 402 499 83 401 498 81 403 500 84 400 497 82 403 500 84 404 501 85 400 497 82 403 500 84 405 502 86 404 501 85 405 502 86 372 466 40 406 503 87 405 502 86 376 470 44 372 466 40 376 470 44 405 502 86 403 500 84 403 500 84 378 472 47 376 470 44 378 472 47 403 500 84 391 488 66 391 488 66 403 500 84 390 487 64 390 487 64 403 500 84 402 499 83 402 499 89 407 504 90 390 487 88 390 487 88 407 504 90 388 485 60 407 504 90 387 484 58 388 485 60 408 505 92 73 76 93 71 74 91 408 505 92 71 74 91 407 504 90 407 504 90 71 74 91 387 484 58 387 484 58 71 74 91 386 483 59 71 74 91 74 77 94 386 483 59 386 483 59 74 77 94 75 78 95 76 79 96 386 483 59 75 78 95 386 483 59 76 79 96 385 482 57 385 482 61 76 79 98 77 80 97 77 80 97 389 486 62 385 482 61 389 486 62 77 80 97 78 81 99 78 81 99 398 495 76 389 486 62 398 495 76 78 81 99 79 82 100 80 83 101 398 495 76 79 82 100 398 495 76 80 83 101 397 494 73 80 83 103 81 84 104 397 494 102 410 507 106 84 87 107 409 506 105 411 508 108 84 87 107 410 507 106 411 508 108 86 89 109 84 87 107 411 508 108 81 84 104 86 89 109 81 84 104 411 508 108 397 494 102 397 494 102 411 508 108 394 491 110 394 491 110 411 508 108 410 507 106 394 491 110 410 507 106 393 490 111 393 490 111 410 507 106 409 506 105 370 464 39 412 509 112 372 466 40 413 510 113 372 466 40 376 470 44 372 466 40 413 510 113 373 467 42 414 511 114 375 469 45 377 471 46 377 93 116 415 93 117 414 93 115 374 468 43 413 510 113 376 470 44 395 492 70 377 471 46 379 473 48 377 471 46 395 492 70 415 512 118 395 492 70 416 513 119 415 512 118 395 492 70 417 514 120 416 513 119 393 490 69 417 514 120 395 492 70 417 514 120 393 490 69 418 515 121 393 490 69 419 516 122 418 515 121 409 506 105 419 516 123 393 490 111 419 516 123 409 506 105 420 517 124 421 518 126 420 517 127 409 506 125 84 87 129 421 518 130 409 506 128 421 518 130 84 87 129 422 519 131 422 519 133 84 87 134 98 102 132 425 522 136 424 521 137 423 520 135 424 521 139 426 523 140 423 520 138 426 523 140 424 521 139 427 524 141 427 524 141 428 525 142 426 523 140 426 523 140 428 525 142 429 526 143 432 529 145 431 528 146 430 527 144 431 528 146 432 529 145 433 530 147 432 529 149 434 531 150 433 530 148 437 534 152 436 533 153 435 532 151 437 534 152 435 532 151 438 535 154 438 535 154 435 532 151 439 536 155 440 537 156 438 535 154 439 536 155 441 538 157 438 535 154 440 537 156 441 538 159 440 537 160 442 539 158 442 539 158 443 540 161 441 538 159 443 540 161 442 539 158 444 541 162 444 541 162 442 539 158 445 542 163 444 541 165 445 542 166 446 543 164 445 542 166 447 544 167 446 543 164 439 536 155 447 544 167 445 542 166 439 536 155 435 532 151 447 544 167 435 532 151 448 545 168 447 544 167 436 533 153 448 545 168 435 532 151 448 545 170 436 533 171 449 546 169 448 545 170 449 546 169 450 547 172 448 545 168 450 547 173 447 544 167 447 544 167 450 547 173 451 548 174 447 544 167 451 548 174 452 549 175 446 543 164 447 544 167 452 549 175 451 548 177 450 547 172 453 550 176 450 547 172 454 551 178 453 550 176 450 547 172 449 546 169 454 551 178 449 546 169 455 552 179 454 551 178 449 546 169 436 533 171 455 552 179 454 551 178 455 552 179 456 553 180 453 550 176 454 551 178 456 553 180 440 537 156 439 536 155 445 542 166 442 539 158 440 537 160 445 542 163 459 556 182 458 555 183 457 554 181 458 555 183 459 556 182 460 557 184 460 557 184 461 558 185 458 555 183 461 561 187 462 560 188 458 559 186 461 561 187 463 562 189 462 560 188 463 562 189 464 563 190 462 560 188 463 562 189 465 564 191 464 563 190 465 564 191 466 565 192 464 563 190 466 565 192 467 566 193 464 563 190 468 567 194 467 566 193 466 565 192 464 563 190 467 566 193 469 568 195 382 569 196 464 563 190 469 568 195 464 563 190 382 569 196 470 570 197 462 560 188 464 563 190 470 570 197 458 559 186 462 560 188 470 570 197 458 559 186 470 570 197 457 571 198 457 571 198 470 570 197 471 572 199 459 556 182 457 554 181 471 573 200 471 572 199 470 570 197 472 574 201 470 570 197 473 575 202 472 574 201 473 575 202 470 570 197 382 569 196 473 575 202 382 569 196 474 576 203 475 577 204 473 575 202 474 576 203 476 578 205 473 575 202 475 577 204 473 575 202 476 578 205 472 574 201 475 577 204 474 576 203 469 568 195 469 568 195 477 579 206 475 577 204 469 568 195 478 580 207 477 579 206 469 568 195 479 581 208 478 580 207 469 568 195 467 566 193 479 581 208 474 576 203 382 569 196 469 568 195 482 584 210 481 583 211 480 582 209 380 474 49 481 586 213 482 585 212 380 474 49 482 585 212 483 587 214 484 588 215 380 474 49 483 587 214 483 590 217 482 584 210 485 589 216 485 589 216 482 584 210 480 582 209 485 593 219 480 592 220 476 591 218 485 593 219 476 591 218 486 594 221 480 592 220 384 595 222 476 591 218 487 596 223 384 595 222 480 592 220 480 582 209 481 583 211 487 597 224 484 588 215 383 477 52 380 474 49 484 600 226 486 599 227 383 598 225 484 600 226 485 601 228 486 599 227 483 602 229 485 601 228 484 600 226 383 598 225 486 599 227 488 603 230 383 481 56 488 604 231 384 480 54 488 605 232 476 591 218 384 595 222 488 605 232 486 594 221 476 591 218 491 608 234 490 607 235 489 606 233 491 608 237 492 609 238 490 607 236 493 610 239 492 609 238 491 608 237 493 610 239 494 611 240 492 609 238 494 611 240 495 612 241 492 609 238 494 611 240 496 613 242 495 612 241 496 613 242 497 614 243 495 612 241 497 614 243 498 615 244 495 612 241 497 614 243 499 616 245 498 615 244 499 616 245 500 617 246 498 615 244 499 616 245 455 618 247 500 617 246 456 619 248 455 618 247 499 616 245 500 617 246 455 618 247 501 620 249 501 620 251 502 621 252 500 617 250 501 620 251 503 622 253 502 621 252 501 620 251 504 623 254 503 622 253 503 622 256 504 623 257 505 624 255 506 625 259 503 622 260 505 624 258 507 626 261 503 622 260 506 625 259 507 626 261 502 621 262 503 622 260 508 627 263 502 621 262 507 626 261 498 615 244 502 621 262 508 627 263 498 615 244 500 617 246 502 621 262 495 612 241 498 615 244 508 627 263 495 612 241 508 627 263 509 628 264 510 629 265 495 612 241 509 628 264 492 609 238 495 612 241 510 629 265 492 609 238 510 629 265 490 607 236 510 629 265 511 630 266 490 607 236 510 629 265 512 631 267 511 630 266 510 629 265 509 628 264 512 631 267 509 628 264 508 627 263 512 631 267 512 631 267 508 627 263 507 626 261 512 631 267 507 626 261 506 625 259 511 630 266 512 631 267 506 625 259 511 630 266 506 625 259 513 632 268 490 607 236 511 630 266 513 632 268 490 607 235 513 632 269 489 606 233 513 632 269 514 633 270 489 606 233 505 624 255 514 633 272 513 632 271 505 624 255 515 634 273 514 633 272 504 623 257 515 634 273 505 624 255 513 632 268 506 625 259 505 624 258 493 610 239 491 608 237 443 635 274 441 636 275 443 635 274 491 608 237 491 608 237 489 606 276 441 636 275 477 639 278 517 638 279 516 637 277 475 640 280 477 639 278 516 637 277 518 641 281 475 640 280 516 637 277 518 641 281 476 642 282 475 640 280 519 643 283 476 642 282 518 641 281 476 642 282 519 643 283 472 644 284 519 643 283 520 645 285 472 644 284 520 645 285 519 643 283 516 637 277 520 645 285 516 637 277 521 646 286 520 645 285 521 646 286 522 647 287 460 648 288 520 645 285 522 647 287 459 649 289 520 645 285 460 648 288 471 650 290 520 645 285 459 649 289 471 650 290 472 644 284 520 645 285 460 648 288 522 647 287 461 651 291 461 651 291 522 647 287 463 652 292 522 647 287 521 646 286 463 652 292 463 652 292 521 646 286 465 653 293 521 646 286 523 654 294 465 653 293 516 637 277 523 654 294 521 646 286 516 637 277 517 638 279 523 654 294 465 653 293 523 654 294 466 655 295 466 655 295 523 654 294 468 656 296 516 657 298 519 657 299 518 657 297 526 242 301 525 243 302 524 241 300 525 243 302 526 242 301 527 244 303 527 244 303 526 242 301 528 245 304 527 244 303 528 245 304 529 246 305 529 246 305 528 245 304 530 247 306 529 246 305 530 247 306 531 248 307 531 248 307 530 247 306 532 249 308 531 248 307 532 249 308 533 250 309 533 250 309 532 249 308 534 251 310 533 250 309 534 251 310 535 252 311 538 660 313 537 659 314 536 658 312 538 660 316 215 256 317 537 659 315 215 256 317 538 660 316 216 257 318 538 660 316 217 258 319 216 257 318 217 258 319 538 660 316 539 661 320 539 661 320 219 260 321 217 258 319 219 260 321 539 661 320 540 662 322 540 662 322 221 262 323 219 260 321 221 262 323 540 662 322 541 663 324 541 663 324 223 264 325 221 262 323 223 264 325 541 663 324 542 664 326 543 665 327 223 264 325 542 664 326 223 264 325 543 665 327 226 267 328 543 665 327 227 268 329 226 267 328 227 268 329 543 665 327 369 463 330 227 270 332 369 666 333 228 269 331 369 666 333 229 272 334 228 269 331 229 272 334 369 666 333 544 273 335 544 273 337 231 274 338 229 272 336 231 274 338 544 273 337 545 667 339 422 519 133 231 274 338 545 667 339 231 274 338 422 519 133 98 102 132 545 667 340 420 517 127 421 518 126 420 517 127 545 667 340 368 462 36 419 516 123 420 517 124 368 462 341 374 468 43 546 668 342 413 510 113 374 468 43 416 513 119 546 668 342 416 513 119 374 468 43 415 512 118 375 469 45 415 512 118 374 468 43 415 512 118 375 469 45 414 511 114 417 514 120 546 668 342 416 513 119 546 668 342 417 514 120 366 460 35 366 460 35 547 669 343 546 668 342 547 669 343 366 460 35 367 461 37 367 461 37 548 670 344 547 669 343 369 463 38 548 670 344 367 461 37 369 463 38 543 665 345 548 670 344 543 665 345 549 671 346 548 670 344 543 665 345 542 664 347 549 671 346 549 671 346 542 664 347 550 672 348 549 671 346 550 672 348 523 673 349 549 671 346 523 673 349 548 670 344 548 670 344 523 673 349 517 674 350 548 670 344 517 674 350 547 669 343 547 669 343 517 674 350 477 675 351 547 669 343 477 675 351 551 676 352 412 509 112 547 669 343 551 676 352 547 669 343 412 509 112 370 464 39 371 465 41 547 669 343 370 464 39 373 467 42 547 669 343 371 465 41 547 669 343 373 467 42 546 668 342 546 668 342 373 467 42 413 510 113 412 509 112 406 503 87 372 466 40 406 503 87 412 509 112 552 677 353 552 677 353 405 502 86 406 503 87 405 502 86 552 677 353 551 676 352 553 678 354 405 502 86 551 676 352 405 502 86 553 678 354 404 501 85 553 678 354 400 497 82 404 501 85 400 497 82 553 678 354 554 679 355 400 497 82 554 679 355 399 496 80 399 496 80 554 679 355 401 498 81 554 679 357 408 505 92 401 498 356 554 679 357 555 680 358 408 505 92 556 681 359 555 680 358 554 679 357 555 680 358 556 681 359 557 682 360 557 682 360 245 291 361 555 680 358 245 291 361 557 682 360 246 292 362 558 683 363 246 292 362 557 682 360 246 292 362 558 683 363 248 294 364 559 684 365 248 294 364 558 683 363 248 294 364 559 684 365 250 296 366 560 685 367 250 296 366 559 684 365 250 296 366 560 685 367 252 298 368 560 685 367 253 299 369 252 298 368 561 686 370 253 299 369 560 685 367 255 301 371 253 299 369 561 686 370 562 687 372 255 301 371 561 686 370 562 687 372 561 686 370 563 688 373 563 688 375 564 689 376 562 687 374 563 688 375 565 690 377 564 689 376 566 691 378 565 690 377 563 688 375 566 691 378 536 658 312 565 690 377 567 692 379 536 658 312 566 691 378 567 692 381 539 661 320 536 658 380 540 662 322 539 661 320 567 692 381 541 663 324 540 662 322 567 692 381 541 663 383 567 692 379 568 693 382 550 672 348 541 663 383 568 693 382 542 664 347 541 663 383 550 672 348 550 672 348 568 693 382 468 694 384 523 673 349 550 672 348 468 694 384 468 694 384 568 693 382 569 695 385 468 694 384 569 695 385 570 696 386 467 566 387 468 694 384 570 696 386 570 696 388 571 697 389 467 566 193 571 697 391 570 696 386 572 698 390 571 697 391 572 698 390 573 699 392 574 700 393 571 697 391 573 699 392 571 697 389 574 700 394 479 581 208 467 566 193 571 697 389 479 581 208 479 581 208 574 700 394 478 580 207 478 580 396 574 700 393 575 701 395 477 675 351 478 580 396 575 701 395 551 676 352 477 675 351 575 701 395 551 676 352 575 701 395 553 678 354 575 701 395 556 681 397 553 678 354 574 700 393 556 681 397 575 701 395 556 681 397 574 700 393 576 702 398 576 702 399 557 682 360 556 681 359 557 682 360 576 702 399 558 683 363 576 702 399 559 684 365 558 683 363 576 702 399 577 703 400 559 684 365 576 64 398 572 698 390 577 703 401 572 319 403 576 319 404 573 319 402 574 700 393 573 699 392 576 702 398 570 696 386 577 703 401 572 698 390 570 696 386 578 704 405 577 703 401 570 696 386 569 695 385 578 704 405 569 695 385 566 691 378 578 704 405 569 695 385 567 692 379 566 691 378 568 693 382 567 692 379 569 695 385 578 704 405 566 691 378 577 703 401 577 703 401 566 691 378 563 688 375 563 688 373 561 686 370 577 703 400 577 703 400 561 686 370 560 685 367 577 703 400 560 685 367 559 684 365 553 678 354 556 681 397 554 679 355 539 661 320 538 660 316 536 658 380 536 658 312 579 705 406 565 690 377 536 658 312 537 659 314 579 705 406 537 659 314 580 706 407 579 705 406 215 256 409 580 707 410 537 659 408 580 707 410 215 256 409 275 324 411 275 324 411 276 325 412 580 707 410 73 76 93 555 680 358 245 291 361 555 680 358 73 76 93 408 505 92 401 498 356 408 505 92 402 499 89 402 499 89 408 505 92 407 504 90 412 509 112 551 676 352 552 677 353 366 460 35 419 516 122 368 462 36 419 516 122 366 460 35 418 515 121 418 515 121 366 460 35 417 514 120 545 667 340 369 463 38 368 462 36 369 463 38 545 667 340 544 708 413 545 667 414 421 518 130 422 519 131 365 459 34 25 25 31 14 15 415 363 711 417 364 710 418 365 709 416 362 712 419 363 711 417 365 709 416 361 713 420 362 712 419 365 709 416 360 714 421 361 713 420 365 709 416 361 456 25 360 455 21 18 19 22 18 19 22 19 20 23 361 456 25 358 715 422 360 714 421 365 709 416 359 716 423 358 715 422 365 709 416 14 15 415 359 15 424 365 459 34 349 719 426 581 718 427 351 717 425 346 720 428 581 718 427 349 719 426 582 721 429 581 718 427 346 720 428 355 722 430 581 718 427 582 721 429 355 722 430 357 723 431 581 718 427 583 726 433 356 725 434 354 724 432 583 726 433 584 727 435 356 725 434 585 728 436 584 727 435 583 726 433 586 729 437 585 728 436 583 726 433 587 731 439 585 730 440 586 729 438 587 731 439 581 718 427 585 730 440 351 717 425 581 718 427 587 731 439 351 717 425 587 731 439 353 450 441 583 726 433 354 724 432 347 732 442 583 726 433 347 732 442 345 733 443 348 734 444 583 726 433 345 733 443 350 735 445 583 726 433 348 734 444 352 448 446 583 726 433 350 735 445 586 729 437 583 726 433 352 448 446 352 448 11 353 450 12 586 729 447 353 450 441 587 731 439 586 729 438 535 736 311 451 736 448 533 736 309 582 737 449 354 451 13 355 452 15 354 451 13 582 737 449 347 442 1 346 441 2 347 442 1 582 737 449 433 530 148 434 531 150 588 738 450 590 740 452 588 738 453 589 739 451 590 740 452 433 530 147 588 738 453 591 741 454 433 530 147 590 740 452 591 741 454 431 528 146 433 530 147 592 742 455 431 528 146 591 741 454 592 742 455 593 743 456 431 528 146 593 743 456 430 527 144 431 528 146 430 527 144 593 743 456 594 744 457 595 745 459 594 744 460 593 743 458 595 745 459 596 746 461 594 744 460 597 747 462 596 746 461 595 745 459 596 746 461 597 747 462 598 748 463 597 747 462 599 749 464 598 748 463 599 749 464 597 747 462 600 750 465 603 753 467 602 752 468 601 751 466 601 751 466 602 752 468 604 754 469 602 752 468 599 749 470 604 754 469 604 754 471 599 749 464 600 750 465 605 755 472 604 754 471 600 750 465 605 755 473 601 751 466 604 754 469 601 751 466 605 755 473 428 525 142 428 525 142 605 755 473 429 526 143 429 526 143 605 755 473 606 756 474 529 759 476 606 758 477 527 757 475 606 758 477 529 759 476 429 760 478 531 761 479 429 760 478 529 759 476 429 760 478 531 761 479 426 762 480 533 763 481 426 762 480 531 761 479 426 762 480 533 763 481 423 764 482 533 763 484 425 765 485 423 764 483 425 765 485 533 763 484 535 766 486 607 768 488 535 766 486 534 767 487 535 766 486 607 768 488 425 765 485 607 770 489 608 769 490 425 522 136 608 769 490 424 521 137 425 522 136 609 771 491 424 521 137 608 769 490 424 521 137 609 771 491 610 772 492 610 772 493 427 524 141 424 521 139 427 524 141 610 772 493 611 773 494 611 773 494 428 525 142 427 524 141 428 525 142 611 773 494 601 751 466 611 773 494 603 753 467 601 751 466 612 774 495 603 753 467 611 773 494 612 774 496 611 773 497 610 772 492 613 775 498 612 774 496 610 772 492 610 772 492 614 776 499 613 775 498 614 776 499 610 772 492 609 771 491 609 771 491 434 531 150 614 776 499 434 531 150 609 771 491 588 738 450 609 771 491 589 739 500 588 738 450 589 739 500 609 771 491 608 769 490 589 739 500 608 769 490 607 770 489 615 777 502 589 739 451 607 770 501 615 777 502 590 740 452 589 739 451 616 778 503 590 740 452 615 777 502 616 778 503 591 741 454 590 740 452 617 779 504 591 741 454 616 778 503 617 779 504 592 742 455 591 741 454 620 782 506 619 781 507 618 780 505 621 783 508 620 782 506 618 780 505 618 780 505 622 784 509 621 783 508 622 784 509 618 780 505 623 785 510 623 785 510 617 779 511 622 784 509 617 779 511 623 785 510 592 742 512 592 742 512 623 785 510 593 743 458 593 743 458 623 785 510 595 745 459 623 785 510 597 747 462 595 745 459 597 747 462 623 785 510 618 780 505 618 780 505 600 750 465 597 747 462 600 750 465 618 780 505 619 781 507 619 781 507 605 755 472 600 750 465 619 781 507 606 756 513 605 755 472 606 756 513 619 781 507 620 782 506 620 786 514 527 757 475 606 758 477 527 757 475 620 786 514 525 787 515 620 786 517 524 788 518 525 787 516 524 788 518 620 786 517 621 789 519 621 789 519 526 790 520 524 788 518 526 790 520 621 789 519 622 791 521 622 791 523 528 792 524 526 790 522 528 792 524 622 791 523 617 793 525 617 793 525 530 794 526 528 792 524 530 794 526 617 793 525 616 795 527 616 795 527 532 796 528 530 794 526 532 796 528 616 795 527 615 797 529 615 797 529 534 767 530 532 796 528 534 767 530 615 797 529 607 768 531 626 800 533 625 799 534 624 798 532 629 803 536 628 802 537 627 801 535 631 805 538 630 804 539 629 803 536 630 804 539 628 802 537 629 803 536 630 804 541 632 806 542 628 802 540 635 809 544 634 808 545 633 807 543 635 809 544 636 810 546 634 808 545 636 810 546 637 811 547 634 808 545 634 808 545 637 811 547 632 806 542 634 808 545 632 806 542 630 804 541 634 808 545 630 804 541 633 807 543 633 807 548 630 804 539 631 805 538 631 805 550 638 812 551 633 807 549 638 812 551 635 809 552 633 807 549 638 812 551 640 814 554 639 813 553 638 812 551 639 813 553 635 809 552 639 813 555 636 810 546 635 809 544 641 815 557 636 810 558 639 813 556 641 815 557 639 813 556 640 814 559 625 799 560 641 815 557 640 814 559 625 799 560 640 814 559 624 798 561 624 798 562 640 814 554 638 812 551 642 816 563 624 798 562 638 812 551 642 816 564 626 800 533 624 798 532 642 816 564 643 817 565 626 800 533 644 818 566 643 817 565 642 816 564 644 818 567 642 816 563 638 812 551 644 818 567 638 812 551 631 805 550 644 818 568 631 805 538 629 803 536 644 818 568 629 803 536 643 817 569 643 817 569 629 803 536 627 801 535 643 817 569 627 801 535 645 819 570 643 817 565 645 819 571 626 800 533 645 819 571 646 820 572 626 800 533 626 800 533 646 820 572 625 799 534 646 820 572 647 821 573 625 799 534 647 821 574 641 815 557 625 799 560 647 821 574 648 822 575 641 815 557 648 822 575 636 810 558 641 815 557 648 822 575 637 811 576 636 810 558 651 825 579 650 824 578 649 823 577 650 824 578 651 825 579 652 826 580 652 826 583 653 827 582 650 824 581 653 827 582 652 826 583 654 828 584 654 828 584 655 829 585 653 827 582 655 829 585 654 828 584 656 830 586 653 827 582 657 831 587 650 824 581 658 832 589 650 824 578 657 831 588 650 824 578 658 832 589 649 823 577 659 833 590 649 823 577 658 832 589 649 823 577 659 833 590 660 834 591 660 834 594 659 833 593 661 835 592 662 836 595 660 834 594 661 835 592 660 834 594 662 836 595 663 837 596 663 837 597 649 823 577 660 834 591 649 823 577 663 837 597 651 825 579 661 835 592 664 838 598 662 836 595 664 838 598 661 835 592 665 839 599 668 842 602 667 841 601 666 840 600 669 843 605 667 841 604 668 842 603 670 844 606 667 841 604 669 843 605 673 847 609 672 846 608 671 845 607 672 846 612 673 847 611 674 848 610 670 844 606 674 848 610 673 847 611 674 848 610 670 844 606 669 843 605 675 849 613 674 848 610 669 843 605 675 849 616 676 850 615 674 848 614 675 849 616 677 851 617 676 850 615 677 851 618 675 849 613 669 843 605 678 852 619 677 851 618 669 843 605 681 855 622 680 854 621 679 853 620 682 856 623 679 853 620 680 854 621 682 856 625 669 843 605 683 857 624 680 854 626 669 843 605 682 856 625 680 854 626 678 852 619 669 843 605 683 857 624 669 843 605 684 858 627 669 843 605 685 859 628 684 858 627 669 843 605 668 842 603 685 859 628 686 860 631 684 858 630 685 859 629 684 858 634 686 860 633 687 861 632 689 863 636 686 860 631 688 862 635 686 860 631 685 859 629 688 862 635 692 864 639 691 864 638 690 864 637 691 864 638 692 864 639 693 864 640 694 864 641 693 864 640 692 864 639 694 864 641 671 864 642 693 864 640 695 865 643 666 840 600 667 841 601 696 864 644 693 864 640 671 864 642 693 868 647 696 867 646 697 866 645 698 869 648 697 866 645 696 867 646 698 869 651 696 867 650 699 870 649 700 871 652 699 870 649 696 867 650 699 870 649 700 871 652 701 872 653 702 873 654 701 872 653 700 871 652 701 872 653 702 873 654 703 874 655 704 874 656 703 874 655 702 873 654 704 874 656 705 875 657 703 874 655 707 864 660 704 864 659 706 864 658 702 864 661 706 864 658 704 864 659 702 864 661 700 864 662 706 864 658 708 864 663 706 864 658 700 864 662 708 876 664 671 845 607 672 846 608 677 851 617 709 877 665 676 850 615 712 864 668 711 864 667 710 864 666 711 864 667 712 864 668 713 864 669 714 864 670 713 864 669 712 864 668 714 864 670 715 864 671 713 864 669 715 880 674 717 879 673 716 878 672 716 878 672 717 879 673 718 881 675 718 881 675 717 879 673 719 882 676 717 879 673 683 857 677 719 882 676 719 882 676 683 857 677 684 858 630 719 882 679 684 858 634 720 883 678 684 858 634 687 861 632 721 884 680 722 885 683 721 884 682 687 861 681 723 886 684 721 884 682 722 885 683 724 887 685 721 884 682 723 886 684 724 887 685 725 888 686 721 884 682 716 878 672 725 888 686 724 887 685 726 889 688 720 883 687 721 884 682 720 883 678 684 858 634 721 884 680 725 888 686 726 889 688 721 884 682 715 880 674 716 878 672 724 887 685 715 864 671 724 864 690 727 864 689 728 864 691 727 864 689 724 864 690 728 892 694 729 891 693 727 890 692 729 891 693 728 892 694 730 893 695 731 894 696 730 893 695 728 892 694 730 893 699 731 894 698 732 895 697 691 895 700 732 895 697 731 894 698 691 895 700 693 868 647 732 895 697 697 866 645 732 895 697 693 868 647 731 864 701 690 864 637 691 864 638 690 864 637 731 864 701 724 864 690 728 864 691 724 864 690 731 864 701 724 887 685 733 897 703 690 896 702 724 887 685 723 886 684 733 897 703 733 897 703 689 863 636 688 862 635 733 897 703 688 862 635 690 896 702 734 898 704 727 890 692 729 891 693 727 890 707 734 898 706 713 899 705 735 900 708 713 899 705 734 898 706 713 899 705 735 900 708 711 901 709 736 901 710 711 901 709 735 900 708 736 901 710 737 902 711 711 901 709 705 875 712 711 901 709 737 902 711 705 864 713 710 864 666 711 864 667 737 902 714 703 874 655 705 875 657 727 864 689 713 864 669 715 864 671 674 848 614 676 850 615 672 846 608 740 905 717 739 904 716 738 903 715 739 904 716 740 905 717 741 906 718 744 908 721 743 907 720 742 907 719 743 907 720 744 908 721 745 909 722 748 912 725 747 911 724 746 910 723 747 911 724 748 912 725 749 913 726 750 914 727 749 913 726 748 912 725 750 914 727 751 915 728 749 913 726 746 910 723 752 916 729 751 915 728 752 916 729 746 910 723 747 911 724 753 917 730 749 913 726 751 915 728 753 917 730 751 915 728 752 916 729 756 93 733 755 93 732 754 93 731 755 93 732 756 93 733 757 93 734 758 93 735 757 93 734 756 93 733 758 93 735 759 93 736 757 93 734 754 93 731 760 93 737 759 93 736 760 93 737 754 93 731 755 93 732 761 93 738 757 93 734 759 93 736 761 93 738 759 93 736 760 93 737 764 93 741 763 93 740 762 93 739 763 93 740 764 93 741 765 93 742 766 93 743 765 93 742 764 93 741 766 93 743 767 93 744 765 93 742 762 93 739 768 93 745 767 93 744 768 93 745 762 93 739 763 93 740 769 93 746 765 93 742 767 93 744 769 93 746 767 93 744 768 93 745 772 93 749 771 93 748 770 93 747 771 93 748 772 93 749 773 93 750 774 93 751 773 93 750 772 93 749 773 93 750 774 93 751 775 93 752 774 93 751 776 93 753 775 93 752 776 93 753 774 93 751 777 93 754 770 93 747 776 93 753 777 93 754 776 93 753 770 93 747 771 93 748 780 918 757 779 918 756 778 918 755 779 918 756 780 918 757 781 918 758 782 918 759 781 918 758 780 918 757 781 918 758 782 918 759 783 918 760 782 918 759 784 918 761 783 918 760 784 918 761 782 918 759 785 918 762 778 918 755 784 918 761 785 918 762 784 918 761 778 918 755 779 918 756 788 918 765 787 918 764 786 918 763 787 918 764 788 918 765 789 918 766 790 918 767 789 918 766 788 918 765 790 918 767 791 918 768 789 918 766 786 918 763 792 918 769 791 918 768 792 918 769 786 918 763 787 918 764 793 918 770 789 918 766 791 918 768 793 918 770 791 918 768 792 918 769 796 921 773 795 920 772 794 919 771 795 920 772 796 921 773 797 922 774 798 923 775 797 922 774 796 921 773 797 922 774 798 923 775 799 924 776 798 923 775 800 925 777 799 924 776 800 925 777 798 923 775 801 926 778 794 919 771 800 925 777 801 926 778 800 925 777 794 919 771 795 920 772 750 928 781 802 927 780 751 927 779 802 930 780 750 929 781 803 929 782 748 931 783 803 929 782 750 929 781 803 933 786 748 932 785 804 932 784 746 934 787 804 932 784 748 932 785 804 936 784 746 935 787 805 935 788 751 937 789 805 935 788 746 935 787 805 938 790 751 927 779 802 927 780 752 940 793 747 939 792 806 939 791 807 941 794 806 939 791 747 939 792 806 943 797 807 942 796 808 942 795 809 944 798 808 942 795 807 942 796 808 946 801 809 945 800 753 945 799 749 947 802 753 945 799 809 945 800 753 949 799 752 948 803 808 948 801 806 950 804 808 948 801 752 948 803 809 952 806 807 951 794 749 951 805 747 953 792 749 951 805 807 951 794 758 955 809 810 954 808 759 954 807 810 957 808 758 956 809 811 956 810 756 958 811 811 956 810 758 956 809 811 959 814 756 959 813 812 959 812 754 959 815 812 959 812 756 959 813 812 960 812 754 960 815 813 960 816 759 960 817 813 960 816 754 960 815 813 961 818 759 954 807 810 954 808 760 962 821 755 962 820 814 962 819 815 962 822 814 962 819 755 962 820 814 93 825 815 93 824 816 93 823 817 93 826 816 93 823 815 93 824 816 963 829 817 963 828 761 963 827 757 963 830 761 963 827 817 963 828 761 964 827 760 964 831 816 964 829 814 964 832 816 964 829 760 964 831 817 965 835 815 965 834 757 965 833 755 965 820 757 965 836 815 965 822 766 967 839 818 966 838 767 966 837 818 969 838 766 968 839 819 968 840 764 970 841 819 968 840 766 968 839 819 971 844 764 971 843 820 971 842 762 971 845 820 971 842 764 971 843 820 972 842 762 972 845 821 972 846 767 972 847 821 972 846 762 972 845 821 973 848 767 966 837 818 966 838 768 975 851 763 974 850 822 974 849 823 975 852 822 974 849 763 974 850 822 93 855 823 93 854 824 93 853 825 93 856 824 93 853 823 93 854 824 976 859 825 976 858 769 976 857 765 976 860 769 976 857 825 976 858 769 978 857 768 977 861 824 977 859 822 978 862 824 977 859 768 977 861 825 979 865 823 979 864 765 979 863 763 979 850 765 979 866 823 979 852 774 981 869 826 981 868 777 980 867 826 981 868 774 981 869 827 982 870 772 983 873 827 983 872 774 983 871 827 983 872 772 983 873 828 983 874 770 984 875 828 984 874 772 984 873 828 984 874 770 984 875 829 984 876 777 986 867 829 986 878 770 985 877 829 986 878 777 986 867 826 987 868 830 988 881 776 988 880 771 988 879 776 988 880 830 988 881 831 988 882 830 93 885 832 93 884 831 93 883 832 93 884 830 93 885 833 93 886 771 990 879 833 990 887 830 989 881 833 990 887 771 990 879 773 989 888 773 992 891 832 992 890 833 991 889 832 992 890 773 992 891 775 991 892 775 993 892 831 993 893 832 993 890 831 993 893 775 993 892 776 993 894 687 994 897 686 994 896 834 994 895 835 994 898 834 994 895 686 994 896 834 997 901 835 996 900 836 995 899 835 996 900 837 998 902 836 995 899 837 1001 905 835 1000 904 689 999 903 686 1002 906 689 999 903 835 1000 904 725 864 909 716 864 908 838 864 907 839 864 910 838 864 907 716 864 908 838 1005 913 839 1004 912 840 1003 911 839 1004 912 841 1006 914 840 1003 911 839 1008 917 716 1008 916 841 1007 915 718 1009 918 841 1007 915 716 1008 916 841 1007 915 718 1009 918 842 1010 919 719 1011 920 842 1010 919 718 1009 918 842 994 923 719 994 922 840 994 921 720 994 924 840 994 921 719 994 922 720 64 927 726 64 926 840 64 925 726 64 926 725 64 928 840 64 925 838 64 929 840 64 925 725 64 928 841 1006 914 842 1012 930 840 1003 911 723 864 933 843 864 932 733 864 931 723 319 936 722 319 935 843 319 934 834 319 937 843 319 934 722 319 935 843 1013 938 834 997 901 836 995 899 836 864 939 733 864 931 843 864 932 836 1014 941 837 1001 905 733 1014 940 689 999 903 733 1014 940 837 1001 905 687 319 942 834 319 937 722 319 935 782 1016 945 844 1016 944 785 1015 943 844 1016 944 782 1016 945 845 1017 946 780 1019 949 845 1019 948 782 1018 947 845 1019 948 780 1019 949 846 1020 950 778 1021 951 846 1021 950 780 1021 949 846 1021 950 778 1021 951 847 1021 952 785 1023 943 847 1023 954 778 1022 953 847 1023 954 785 1023 943 844 1024 944 848 1026 957 784 1026 956 779 1025 955 784 1026 956 848 1026 957 849 1025 958 848 918 961 850 918 960 849 918 959 850 918 960 848 918 961 851 918 962 779 1028 955 851 1028 963 848 1027 957 851 1028 963 779 1028 955 781 1027 964 781 1029 967 850 1029 966 851 1029 965 850 1029 966 781 1029 967 783 1029 968 783 1030 968 849 1030 969 850 1030 966 849 1030 969 783 1030 968 784 1030 970 790 1032 973 852 1031 972 791 1031 971 852 1034 972 790 1033 973 853 1033 974 788 1035 975 853 1033 974 790 1033 973 853 1037 978 788 1036 977 854 1036 976 786 1037 979 854 1036 976 788 1036 977 854 1039 976 786 1038 979 855 1038 980 791 1039 981 855 1038 980 786 1038 979 855 1040 982 791 1031 971 852 1031 972 792 1042 985 787 1041 984 856 1041 983 857 1042 986 856 1041 983 787 1041 984 856 918 989 857 918 988 858 918 987 859 918 990 858 918 987 857 918 988 858 1044 993 859 1043 992 793 1043 991 789 1044 994 793 1043 991 859 1043 992 793 1046 991 792 1045 995 858 1045 993 856 1046 996 858 1045 993 792 1045 995 859 1047 998 857 1047 986 789 1047 997 787 1047 984 789 1047 997 857 1047 986 798 1049 1001 860 1049 1000 801 1048 999 860 1049 1000 798 1049 1001 861 1050 1002 796 1052 1005 861 1052 1004 798 1051 1003 861 1052 1004 796 1052 1005 862 1053 1006 794 1055 1007 862 1055 1006 796 1054 1005 862 1055 1006 794 1055 1007 863 1056 1008 801 1058 999 863 1058 1010 794 1057 1009 863 1058 1010 801 1058 999 860 1059 1000 864 1061 1013 800 1061 1012 795 1060 1011 800 1061 1012 864 1061 1013 865 1062 1014 864 1064 1017 866 1064 1016 865 1063 1015 866 1064 1016 864 1064 1017 867 1065 1018 795 1067 1011 867 1067 1019 864 1066 1013 867 1067 1019 795 1067 1011 797 1068 1020 797 1070 1023 866 1070 1022 867 1069 1021 866 1070 1022 797 1070 1023 799 1071 1024 799 1073 1024 865 1073 1025 866 1072 1022 865 1073 1025 799 1073 1024 800 1074 1026 668 842 603 666 840 1027 685 859 628 688 862 1028 685 859 628 666 840 1027 667 841 601 670 844 1029 695 865 643 673 847 1030 695 865 643 670 844 1029 673 847 1030 671 845 1031 695 865 643 694 1075 1032 695 865 643 671 845 1031 678 852 619 868 1076 1033 677 851 618 709 877 1034 677 851 618 868 1076 1033 868 1076 1036 678 852 1035 681 855 622 680 854 621 681 855 622 678 852 1035 682 856 625 683 857 624 679 853 1037 717 879 1038 679 853 1037 683 857 624 688 862 635 666 840 1039 690 896 702 692 1077 1040 690 896 702 666 840 1039 695 865 643 694 1075 1032 666 840 600 692 1077 1041 666 840 600 694 1075 1032 704 864 659 707 864 660 705 864 713 710 864 666 705 864 713 707 864 660 708 876 664 672 846 608 706 1078 1042 676 850 615 706 1078 1042 672 846 608 671 864 642 708 864 663 696 864 644 700 864 662 696 864 644 708 864 663 676 850 615 709 877 665 706 1078 1042 707 1079 1043 706 1078 1042 709 877 665 868 1076 1045 710 1080 1044 709 877 665 707 1079 1043 709 877 665 710 1080 1044 868 1076 1036 681 855 622 710 1080 1046 712 1081 1047 710 1080 1046 681 855 622 714 1082 1049 679 853 1048 715 880 674 717 879 673 715 880 674 679 853 1048 714 1082 1050 712 1081 1047 679 853 620 681 855 622 679 853 620 712 1081 1047 564 689 1053 565 690 1052 579 705 1051 869 1083 1054 564 689 1053 579 705 1051 562 687 1055 564 689 1053 869 1083 1054 870 1084 1056 562 687 1055 869 1083 1054 562 687 1059 870 1085 1058 255 301 1057 871 1086 1060 255 301 1057 870 1085 1058 870 1085 1058 872 1087 1061 871 1086 1060 870 1084 1056 869 1083 1054 872 1088 1062 872 1088 1062 869 1083 1054 873 1089 1063 869 1083 1054 579 705 1051 873 1089 1063 873 1089 1063 579 705 1051 580 706 1064 873 1091 1067 580 707 1066 874 1090 1065 276 325 1068 874 1090 1065 580 707 1066 873 1091 1070 874 1090 1069 872 1087 1061 875 1087 1071 872 1087 1061 874 1090 1069 875 1087 1071 871 1086 1060 872 1087 1061 273 321 1074 259 305 1073 258 304 1072 273 321 1074 258 304 1072 876 1092 1075 876 1092 1075 258 304 1072 256 302 1076 876 1092 1075 256 302 1076 877 1093 1077 255 301 1057 877 1085 1079 256 302 1078 877 1085 1079 255 301 1057 871 1086 1060 871 1086 1060 878 1087 1080 877 1085 1079 878 1087 1080 871 1086 1060 875 1087 1071 874 1090 1069 878 1087 1080 875 1087 1071 878 1087 1080 874 1090 1069 879 1091 1081 874 1090 1065 274 323 1083 879 1091 1082 274 323 1083 874 1090 1065 276 325 1068 274 322 1085 273 321 1074 879 1094 1084 879 1094 1084 273 321 1074 876 1092 1075 879 1094 1084 876 1092 1075 878 1095 1086 878 1095 1086 876 1092 1075 877 1093 1077 882 1098 1089 881 1097 1088 880 1096 1087 883 1099 1090 881 1097 1088 882 1098 1089 884 1100 1091 881 1097 1088 883 1099 1090 884 1100 1091 885 1101 1092 881 1097 1088 884 1100 1091 886 1102 1093 885 1101 1092 886 1102 1093 884 1100 1091 887 1103 1094 884 1100 1091 888 1104 1095 887 1103 1094 888 1104 1095 884 1100 1091 883 1099 1090 883 1099 1090 889 1105 1096 888 1104 1095 889 1105 1096 883 1099 1090 882 1098 1089 882 1098 1099 890 1106 1098 889 1105 1097 890 1106 1098 882 1098 1099 880 1096 1100 891 1107 1102 890 1106 1101 880 1096 1087 890 1106 1101 891 1107 1102 892 1108 1103 891 1107 1102 893 1109 1104 892 1108 1103 881 1097 1088 893 1109 1104 891 1107 1102 881 1097 1088 894 1110 1105 893 1109 1104 881 1097 1088 895 1111 1106 894 1110 1105 896 1112 1107 895 1111 1106 881 1097 1088 897 1113 1110 895 1111 1109 896 1112 1108 895 1111 1109 897 1113 1110 898 1114 1111 899 1115 1112 898 1114 1111 897 1113 1110 898 1114 1111 899 1115 1112 900 1116 1113 898 1114 1111 900 1116 1113 901 1117 1114 901 1117 1114 900 1116 1113 902 1118 1115 902 1118 1118 903 1119 1117 901 1117 1116 902 1118 1118 904 1120 1119 903 1119 1117 904 1120 1119 905 1121 1120 903 1119 1117 903 1119 1117 905 1121 1120 892 1108 1121 892 1108 1124 905 1121 1123 906 1122 1122 892 1108 1124 906 1122 1122 890 1106 1098 906 1122 1122 889 1105 1097 890 1106 1098 889 1105 1097 906 1122 1122 907 1123 1125 889 1105 1097 907 1123 1125 908 1124 1126 889 1105 1097 908 1124 1126 888 1104 1127 909 1125 1130 888 1104 1129 908 1124 1128 909 1125 1130 887 1103 1131 888 1104 1129 886 1102 1132 887 1103 1131 909 1125 1130 910 1126 1133 886 1102 1132 909 1125 1130 886 1102 1135 910 1126 1134 897 1113 1110 897 1113 1110 910 1126 1134 899 1115 1112 897 1113 1136 885 1101 1092 886 1102 1093 885 1101 1092 897 1113 1136 896 1112 1107 885 1101 1092 896 1112 1107 881 1097 1088 893 1109 1104 903 1119 1137 892 1108 1103 893 1109 1104 901 1117 1138 903 1119 1137 894 1110 1105 901 1117 1138 893 1109 1104 894 1110 1105 898 1114 1139 901 1117 1138 898 1114 1139 894 1110 1105 895 1111 1106 881 1097 1088 891 1107 1102 880 1096 1087 741 906 718 911 1127 1140 739 904 716 911 1127 1140 741 906 718 912 1127 1141 741 864 1144 913 864 1143 912 864 1142 741 864 1144 745 864 1145 913 864 1143 740 864 1146 745 864 1145 741 864 1144 740 864 1146 743 864 1147 745 864 1145 914 864 1148 743 864 1147 740 864 1146 914 864 1148 915 864 1149 743 864 1147 916 864 1150 915 864 1149 914 864 1148 916 864 1150 917 864 1151 915 864 1149 917 864 1151 916 864 1150 918 864 1152 912 864 1142 913 864 1143 919 864 1153 916 1130 1156 920 1129 1155 918 1128 1154 920 1129 1155 916 1130 1156 921 1131 1157 916 1130 1160 922 1132 1159 921 1131 1158 922 1132 1159 916 1130 1160 914 1133 1161 740 905 717 922 1132 1159 914 1133 1161 922 1132 1159 740 905 717 738 903 715 923 1134 1162 918 1128 1154 920 1129 1155 918 1128 1154 923 1134 1162 917 1135 1163 924 1136 1166 917 1135 1165 923 1134 1164 917 1135 1165 924 1136 1166 915 1137 1167 924 1136 1166 743 907 720 915 1137 1167 743 907 720 924 1136 1166 742 907 719 925 1138 1168 745 909 722 744 908 721 745 909 722 925 1138 1168 913 1139 1169 926 1140 1172 913 1139 1171 925 1138 1170 913 1139 1171 926 1140 1172 919 1141 1173 911 1127 1174 919 1141 1173 926 1140 1172 919 1141 1173 911 1127 1174 912 1127 1175 929 1144 1178 928 1143 1177 927 1142 1176 928 1143 1177 929 1144 1178 930 1145 1179 929 1144 1182 931 1146 1181 930 1145 1180 931 1146 1181 929 1144 1182 932 1147 1183 929 1144 1186 933 1148 1185 932 1147 1184 933 1148 1185 929 1144 1186 934 1149 1187 929 1144 1178 935 1150 1189 934 1149 1188 935 1150 1189 929 1144 1178 927 1142 1176 927 1142 1176 936 1151 1190 935 1150 1189 928 1143 1177 936 1151 1190 927 1142 1176 928 1143 1177 937 1152 1191 936 1151 1190 928 1143 1177 938 1153 1192 937 1152 1191 938 1153 1192 928 1143 1177 930 1145 1179 930 1145 1180 939 1154 1194 938 1153 1193 939 1154 1194 930 1145 1180 931 1146 1181 931 1146 1181 655 1155 1195 939 1154 1194 655 1155 1195 931 1146 1181 940 1156 1196 932 1147 1183 940 1156 1196 931 1146 1181 664 838 1197 940 1156 1196 932 1147 1183 940 1156 1196 664 838 1197 665 839 1198 932 1147 1184 662 836 1200 664 838 1199 662 836 1200 932 1147 1184 933 1148 1185 941 1157 1201 662 836 1200 933 1148 1185 662 836 1200 941 1157 1201 663 837 1202 941 1157 1205 651 825 1204 663 837 1203 651 825 1204 941 1157 1205 942 1158 1206 943 1159 1207 942 1158 1206 941 1157 1205 942 1158 1206 943 1159 1207 944 1160 1208 943 1159 1211 945 1161 1210 944 1160 1209 945 1161 1210 943 1159 1211 946 1162 1212 934 1149 1188 946 1162 1212 943 1159 1211 946 1162 1212 934 1149 1188 935 1150 1189 936 1151 1190 946 1162 1212 935 1150 1189 936 1151 1190 945 1161 1210 946 1162 1212 936 1151 1190 947 1163 1213 945 1161 1210 948 1164 1214 947 1163 1213 936 1151 1190 949 1165 1215 947 1163 1213 948 1164 1214 947 1163 1213 949 1165 1215 950 1166 1216 951 1167 1219 950 1166 1218 949 1165 1217 950 1166 1218 951 1167 1219 952 1168 1220 654 828 1221 952 1168 1220 951 1167 1219 952 1168 1220 654 828 1221 652 826 1222 651 825 1204 952 1168 1224 652 826 1223 952 1168 1224 651 825 1204 942 1158 1206 942 1158 1206 950 1166 1225 952 1168 1224 950 1166 1225 942 1158 1206 944 1160 1208 945 1161 1210 950 1166 1216 944 1160 1209 950 1166 1216 945 1161 1210 947 1163 1213 951 1167 1219 656 830 1226 654 828 1221 656 830 1226 951 1167 1219 939 1154 1227 949 1165 1217 939 1154 1227 951 1167 1219 939 1154 1227 949 1165 1217 938 1153 1228 949 1165 1215 937 1152 1191 938 1153 1192 937 1152 1191 949 1165 1215 948 1164 1214 937 1152 1191 948 1164 1214 936 1151 1190 939 1154 1231 655 1155 1230 656 1169 1229 941 1157 1201 934 1149 1187 943 1159 1232 934 1149 1187 941 1157 1201 933 1148 1185</p>
                </polylist>
            </mesh>
        </geometry>
    </library_geometries>
    <library_visual_scenes>
        <visual_scene id="ID11">
            <node id="ID12" name="prop4">
                <translate sid="translate">72.838 23.5498 33.6926</translate>
                <rotate sid="rotateY">0 1 0 -0</rotate>
                <rotate sid="rotateX">1 0 0 0</rotate>
                <rotate sid="rotateZ">0 0 1 -0</rotate>
                <scale sid="scale">1 1 1</scale>
                <instance_geometry url="#ID13">
                    <bind_material>
                        <technique_common>
                            <instance_material symbol="Material1" target="#ID1">
                                <bind_vertex_input semantic="UVSET0" input_semantic="TEXCOORD" input_set="0"/>
                            </instance_material>
                        </technique_common>
                    </bind_material>
                </instance_geometry>
            </node>
            <node id="ID21" name="He177">
                <translate sid="translate">0 0 -0</translate>
                <rotate sid="rotateY">0 1 0 -0</rotate>
                <rotate sid="rotateX">1 0 0 0</rotate>
                <rotate sid="rotateZ">0 0 1 -0</rotate>
                <scale sid="scale">1 1 1</scale>
                <instance_geometry url="#ID22">
                    <bind_material>
                        <technique_common>
                            <instance_material symbol="Material1" target="#ID6">
                                <bind_vertex_input semantic="UVSET0" input_semantic="TEXCOORD" input_set="0"/>
                            </instance_material>
                        </technique_common>
                    </bind_material>
                </instance_geometry>
            </node>
        </visual_scene>
    </library_visual_scenes>
    <scene>
        <instance_visual_scene url="#ID11"/>
    </scene>
</COLLADA>
